-- MySQL dump 10.13  Distrib 8.0.36, for Linux (x86_64)
--
-- Host: db.techkmr.com    Database: apigroupgodown
-- ------------------------------------------------------
-- Server version	8.0.40-0ubuntu0.22.04.1

/*!40101 SET @OLD_CHARACTER_SET_CLIENT=@@CHARACTER_SET_CLIENT */;
/*!40101 SET @OLD_CHARACTER_SET_RESULTS=@@CHARACTER_SET_RESULTS */;
/*!40101 SET @OLD_COLLATION_CONNECTION=@@COLLATION_CONNECTION */;
/*!50503 SET NAMES utf8 */;
/*!40103 SET @OLD_TIME_ZONE=@@TIME_ZONE */;
/*!40103 SET TIME_ZONE='+00:00' */;
/*!40014 SET @OLD_UNIQUE_CHECKS=@@UNIQUE_CHECKS, UNIQUE_CHECKS=0 */;
/*!40014 SET @OLD_FOREIGN_KEY_CHECKS=@@FOREIGN_KEY_CHECKS, FOREIGN_KEY_CHECKS=0 */;
/*!40101 SET @OLD_SQL_MODE=@@SQL_MODE, SQL_MODE='NO_AUTO_VALUE_ON_ZERO' */;
/*!40111 SET @OLD_SQL_NOTES=@@SQL_NOTES, SQL_NOTES=0 */;

--
-- Table structure for table `Admin`
--

DROP TABLE IF EXISTS `Admin`;
/*!40101 SET @saved_cs_client     = @@character_set_client */;
/*!50503 SET character_set_client = utf8mb4 */;
CREATE TABLE `Admin` (
  `AdminId` char(36) CHARACTER SET ascii COLLATE ascii_general_ci NOT NULL,
  `FullName` longtext CHARACTER SET utf8mb4 COLLATE utf8mb4_0900_ai_ci NOT NULL,
  `MiddleName` longtext CHARACTER SET utf8mb4 COLLATE utf8mb4_0900_ai_ci,
  `LastName` longtext CHARACTER SET utf8mb4 COLLATE utf8mb4_0900_ai_ci NOT NULL,
  `Phno` bigint NOT NULL,
  `Email` longtext CHARACTER SET utf8mb4 COLLATE utf8mb4_0900_ai_ci NOT NULL,
  `Password` varchar(16) CHARACTER SET utf8mb4 COLLATE utf8mb4_0900_ai_ci NOT NULL,
  `UserName` longtext CHARACTER SET utf8mb4 COLLATE utf8mb4_0900_ai_ci NOT NULL,
  PRIMARY KEY (`AdminId`)
) ENGINE=InnoDB DEFAULT CHARSET=utf8mb4 COLLATE=utf8mb4_0900_ai_ci;
/*!40101 SET character_set_client = @saved_cs_client */;

--
-- Dumping data for table `Admin`
--

LOCK TABLES `Admin` WRITE;
/*!40000 ALTER TABLE `Admin` DISABLE KEYS */;
INSERT INTO `Admin` VALUES ('08dc2e18-1fdb-45cd-89e8-01e679bcd6a7','admin','','',9970777833,'info@groupgodown.com','admin@123','jayganesh777'),('08dc4b12-d733-458b-86a7-7fee4e1b0f29','admin','','',9970777833,'info@groupgodown.com','admin@123','string');
/*!40000 ALTER TABLE `Admin` ENABLE KEYS */;
UNLOCK TABLES;

--
-- Table structure for table `Application`
--

DROP TABLE IF EXISTS `Application`;
/*!40101 SET @saved_cs_client     = @@character_set_client */;
/*!50503 SET character_set_client = utf8mb4 */;
CREATE TABLE `Application` (
  `appId` int NOT NULL AUTO_INCREMENT,
  `appName` longtext CHARACTER SET utf8mb4 COLLATE utf8mb4_0900_ai_ci NOT NULL,
  PRIMARY KEY (`appId`)
) ENGINE=InnoDB AUTO_INCREMENT=6 DEFAULT CHARSET=utf8mb4 COLLATE=utf8mb4_0900_ai_ci;
/*!40101 SET character_set_client = @saved_cs_client */;

--
-- Dumping data for table `Application`
--

LOCK TABLES `Application` WRITE;
/*!40000 ALTER TABLE `Application` DISABLE KEYS */;
INSERT INTO `Application` VALUES (1,'Whatsapp'),(5,'Telegram');
/*!40000 ALTER TABLE `Application` ENABLE KEYS */;
UNLOCK TABLES;

--
-- Table structure for table `Blogs`
--

DROP TABLE IF EXISTS `Blogs`;
/*!40101 SET @saved_cs_client     = @@character_set_client */;
/*!50503 SET character_set_client = utf8mb4 */;
CREATE TABLE `Blogs` (
  `Id` int NOT NULL AUTO_INCREMENT,
  `Title` varchar(100) CHARACTER SET utf8mb4 COLLATE utf8mb4_0900_ai_ci NOT NULL,
  `Description` varchar(500) CHARACTER SET utf8mb4 COLLATE utf8mb4_0900_ai_ci NOT NULL,
  `Date` datetime(6) NOT NULL,
  `Image` longtext CHARACTER SET utf8mb4 COLLATE utf8mb4_0900_ai_ci,
  PRIMARY KEY (`Id`)
) ENGINE=InnoDB AUTO_INCREMENT=10 DEFAULT CHARSET=utf8mb4 COLLATE=utf8mb4_0900_ai_ci;
/*!40101 SET character_set_client = @saved_cs_client */;

--
-- Dumping data for table `Blogs`
--

LOCK TABLES `Blogs` WRITE;
/*!40000 ALTER TABLE `Blogs` DISABLE KEYS */;
INSERT INTO `Blogs` VALUES (6,'My Forth Blog','This is a description of my first blog.','2024-12-09 12:00:00.000000','5ce202e1-6a00-4960-976c-35f77286799e.jpg'),(7,'last blog','This is last blog','2024-12-09 12:00:00.000000','7a35545a-94d4-4926-8f8d-0693ccbd1884.jpg');
/*!40000 ALTER TABLE `Blogs` ENABLE KEYS */;
UNLOCK TABLES;

--
-- Table structure for table `Category`
--

DROP TABLE IF EXISTS `Category`;
/*!40101 SET @saved_cs_client     = @@character_set_client */;
/*!50503 SET character_set_client = utf8mb4 */;
CREATE TABLE `Category` (
  `catId` int NOT NULL AUTO_INCREMENT,
  `catName` longtext CHARACTER SET utf8mb4 COLLATE utf8mb4_0900_ai_ci NOT NULL,
  PRIMARY KEY (`catId`)
) ENGINE=InnoDB AUTO_INCREMENT=54 DEFAULT CHARSET=utf8mb4 COLLATE=utf8mb4_0900_ai_ci;
/*!40101 SET character_set_client = @saved_cs_client */;

--
-- Dumping data for table `Category`
--

LOCK TABLES `Category` WRITE;
/*!40000 ALTER TABLE `Category` DISABLE KEYS */;
INSERT INTO `Category` VALUES (1,'Movie/Animation/TV Shows'),(2,'Songs'),(3,'Games'),(4,'Tech'),(5,'News'),(6,'Chat'),(7,'Mobile'),(8,'Picnic'),(11,'AI'),(12,'Adult/18+'),(13,'Social'),(14,'Business'),(15,'Art'),(16,'Auto/Vehicle'),(17,'Hobby'),(18,'Comedy/Funny'),(19,'Dating/Flirting'),(20,'Education'),(21,'Entertainment'),(22,'Family/Relationship'),(23,'Food/Drinks'),(24,'Fan club/Celebrities'),(25,'Fashion/Style/Clothing'),(26,'Health/Beauty'),(27,'Jobs/Career'),(28,'Money/Earning'),(29,'Finance'),(30,'Music/Songs'),(31,'Literature'),(32,'Politics'),(33,'Pets/Animals/Nature'),(34,'Science'),(35,'Shopping/Buy/Sell'),(36,'Marketing'),(37,'Sports/Games'),(38,'Thoughts/Quotes'),(39,'Travel/Places'),(40,'Social media'),(41,'Gambling'),(42,'Investment'),(43,'Shayari/Gazal/Poetry'),(44,'Government schemes'),(45,'Love'),(46,'Matrimony'),(47,'Organization/institute/NGO'),(48,'City/District/State'),(49,'like-minded'),(50,'Argiculture'),(51,'Professionals'),(52,'share/crypto/commodity trading'),(53,'Spiritual');
/*!40000 ALTER TABLE `Category` ENABLE KEYS */;
UNLOCK TABLES;

--
-- Table structure for table `Groups`
--

DROP TABLE IF EXISTS `Groups`;
/*!40101 SET @saved_cs_client     = @@character_set_client */;
/*!50503 SET character_set_client = utf8mb4 */;
CREATE TABLE `Groups` (
  `groupId` int NOT NULL AUTO_INCREMENT,
  `groupName` longtext CHARACTER SET utf8mb4 COLLATE utf8mb4_0900_ai_ci NOT NULL,
  `groupLink` longtext CHARACTER SET utf8mb4 COLLATE utf8mb4_0900_ai_ci NOT NULL,
  `country` longtext CHARACTER SET utf8mb4 COLLATE utf8mb4_0900_ai_ci NOT NULL,
  `Language` longtext CHARACTER SET utf8mb4 COLLATE utf8mb4_0900_ai_ci NOT NULL,
  `groupDesc` longtext CHARACTER SET utf8mb4 COLLATE utf8mb4_0900_ai_ci,
  `groupRules` longtext CHARACTER SET utf8mb4 COLLATE utf8mb4_0900_ai_ci,
  `tags` longtext CHARACTER SET utf8mb4 COLLATE utf8mb4_0900_ai_ci,
  `GroupImage` longtext CHARACTER SET utf8mb4 COLLATE utf8mb4_0900_ai_ci NOT NULL,
  `Pin` tinyint(1) NOT NULL,
  `catId` int NOT NULL,
  `appId` int NOT NULL,
  PRIMARY KEY (`groupId`),
  KEY `IX_Groups_appId` (`appId`),
  KEY `IX_Groups_catId` (`catId`),
  CONSTRAINT `FK_Groups_Application_appId` FOREIGN KEY (`appId`) REFERENCES `Application` (`appId`) ON DELETE CASCADE,
  CONSTRAINT `FK_Groups_Category_catId` FOREIGN KEY (`catId`) REFERENCES `Category` (`catId`) ON DELETE CASCADE
) ENGINE=InnoDB AUTO_INCREMENT=355 DEFAULT CHARSET=utf8mb4 COLLATE=utf8mb4_0900_ai_ci;
/*!40101 SET character_set_client = @saved_cs_client */;

--
-- Dumping data for table `Groups`
--

LOCK TABLES `Groups` WRITE;
/*!40000 ALTER TABLE `Groups` DISABLE KEYS */;
INSERT INTO `Groups` VALUES (10,'प्रणय ज्ञान १','https://chat.whatsapp.com/Fw4XNNg4tZ78mAMs9D7d9I','India','Marathi','या ग्रुपमध्ये लैंगिक जीवन अधिक आनंदमय करण्यासाठी आवश्यक असणारे ज्ञान देण्याचा प्रयत्न केला जाईल. दिली जाणारी माहिती पूर्णपणे वैज्ञानिक असेल असा प्रयत्न आहे. \nग्रुपमध्ये अनियमित पोस्ट्स पाठवल्या जातील. नियमित पोस्ट्सची अपेक्षा करू नये. पण पाठवलेल्या सगळ्या पोस्ट्स कामाच्या असतील. \nदुसरी गोष्ट, ग्रुपची सेटिंग कायमस्वरूपी only admin राहील.','','लैंगिक शिक्षण, वैज्ञानिक ज्ञान, वैज्ञानिक माहिती, प्रेम, नातेसंबंध, relationship','https://pps.whatsapp.net/v/t61.24694-24/214920619_126272430026676_6129413900060124015_n.jpg?ccb=11-4&oh=01_ASD5xkHVeAGhNqy43nUUkXZZLse7Mvt6eNp5jsINjixtIQ&oe=6615B160&_nc_sid=e6ed6c&_nc_cat=106',1,5,1),(11,'अंधेरी रात में दिया तेरे हाथ में १','https://chat.whatsapp.com/BsoEZbPN5UhFEfXWkjv91V','India','Hindi','','','Hindi adult comedy','https://static.whatsapp.net/rsrc.php/v3/yB/r/_0dVljceIA5.png',0,6,1),(12,'पुरोगामी विचारधारा १','https://chat.whatsapp.com/HTHgt59puDpKpAkJN6T0Ar','India','Marathi','या ग्रुपमध्ये फक्त पुरोगामी विचारांचा जागर केला जाईल. ज्यांना आवड आहे त्यांनीच जॉईन व्हावे. ग्रुपची सेटिंग कायमस्वरूपी only admin असणार आहे. त्यामुळे तुम्हाला यात काहीही टाकता येणार नाही. वैज्ञानिक दृष्टीकोन आणि आपल्या संत व समाजसुधारकांचा वारसा समजून घेऊ इच्छिणाऱ्या व्यक्तींनी जरूर जॉईन व्हावे.','','पुरोगामी विचारधारा, progressive thoughts','https://pps.whatsapp.net/v/t61.24694-24/260648300_1117805192393399_6991144762243498400_n.jpg?ccb=11-4&oh=01_ASA5d0UYvolHbcql6J707avJxR2AU6PMdXoaDJtdtMcfzw&oe=6615C409&_nc_sid=e6ed6c&_nc_cat=102',1,5,1),(20,'MOBILE OCTAPAD ?','https://chat.whatsapp.com/invite/GIiI1jyTfErKx804RBGhI4','India','Hindi','','','COMDY VIDEOS','https://pps.whatsapp.net/v/t61.24694-24/429548206_1122629668915821_7747753636351067570_n.jpg?ccb=11-4&oh=01_ASCF3FtPSQk2N2eAwO8qg97iX2KmU0awq4nP2dOao95oNw&oe=6615B1FA&_nc_sid=e6ed6c&_nc_cat=105',0,18,1),(21,'COMEDY FUNNY VIDOE','https://chat.whatsapp.com/invite/EnuvR0JZcXLCrytpqGOphl','India','Hindi','','','COMEDY VIDEOS','https://pps.whatsapp.net/v/t61.24694-24/416659612_726595276120115_1222542827938469759_n.jpg?ccb=11-4&oh=01_ASDgr1T6silbnOPTR-H9A8u3BqIcKP8U3uf9OJD72iM8GQ&oe=6615A2D5&_nc_sid=e6ed6c&_nc_cat=106',0,18,1),(24,'Motivation group','https://chat.whatsapp.com/invite/KCpu1nX7b5m1WkxQVsCg4p','India','Hindi','','','','https://pps.whatsapp.net/v/t61.24694-24/69549355_2438035076522835_8538580913582243840_n.jpg?ccb=11-4&oh=01_ASCvfemT7EUK8vnwOetU3ECApvKXcMGG4UShSIz6s8ZJXQ&oe=6615D30E&_nc_sid=e6ed6c&_nc_cat=107',0,27,1),(26,'❤BUSINESS PROMOTION GROUP❤','https://chat.whatsapp.com/invite/0CGwySBKq7ULe7U4fuxUVI','India','Marathi','','','','https://pps.whatsapp.net/v/t61.24694-24/74673137_534678260438573_8861111379596148736_n.jpg?ccb=11-4&oh=01_ASBEokl5i-EHTW29EVcopCnFd161-_qsJsQCudBGBnFsqw&oe=6615D57C&_nc_sid=e6ed6c&_nc_cat=111',0,14,1),(27,'Digital scocial media ads page','https://chat.whatsapp.com/invite/6oaiNwq814yAP5bUIMuNhX','India','Marathi','','','','https://pps.whatsapp.net/v/t61.24694-24/368337727_6346600772102943_1283756587461465996_n.jpg?ccb=11-4&oh=01_ASAeUKJml5Dxj-FdRT_1FsNRdmCN3kHfAf1rIpe3-zLSRw&oe=6615BE25&_nc_sid=e6ed6c&_nc_cat=102',0,14,1),(28,'Pune smart city','https://chat.whatsapp.com/invite/GYKfSZfS7et9axSjp8HjRL','India','Marathi','','','','https://pps.whatsapp.net/v/t61.24694-24/56894617_637987383291159_2507115385841516544_n.jpg?ccb=11-4&oh=01_ASBVmRnHuYvk31hxU-HziLOTkOV2CcCfgUJ3_q8kvuZycA&oe=66159F86&_nc_sid=e6ed6c&_nc_cat=103',0,21,1),(29,'??️Payback 2?️?','https://chat.whatsapp.com/invite/BymxZtuuGvg39TMdgb5VDB','India','Hindi','','','','https://pps.whatsapp.net/v/t61.24694-24/125466613_131822808371671_2592207050746728557_n.jpg?ccb=11-4&oh=01_ASA_bpbhz4OZV7QdGK3ytwM9fK_COnLlVGk7qOMgvb3PuA&oe=6615C04B&_nc_sid=e6ed6c&_nc_cat=105',0,14,1),(30,'?WhatsApp GROUP?','https://chat.whatsapp.com/invite/K7oKyCDic8b7dE4fsBwLLj','India','Marathi','','','','https://pps.whatsapp.net/v/t61.24694-24/70159083_417789549148238_4214750372201234432_n.jpg?ccb=11-4&oh=01_ASCD9nIlHGbTD1D_Ui0lfbUEiznsUmUfgTMAlkfVQyK4RQ&oe=6615D08A&_nc_sid=e6ed6c&_nc_cat=101',0,40,1),(32,'*ATS Success*','https://chat.whatsapp.com/invite/7RHGRtuxxSgHWGdo6gO3jW','India','Hindi','','','','https://pps.whatsapp.net/v/t61.24694-24/57429658_376280249652253_9044427172269260800_n.jpg?ccb=11-4&oh=01_ASCzvj-sCbrnVgb-YlaHFQ6xKxJQSo-2FGEBv8f9sBjLKQ&oe=6615BAAA&_nc_sid=e6ed6c&_nc_cat=100',0,36,1),(33,'⛳⛳?जय शिवराय?⛳⛳','https://chat.whatsapp.com/invite/0uVqfaWs0raGjrPRdzZaJ2','India','Marathi','','','','https://pps.whatsapp.net/v/t61.24694-24/316403575_641226231131459_4333336756633418981_n.jpg?ccb=11-4&oh=01_ASDkx56CbgGBgYa9Oy3-nIxWZnnJbP3EVqnhSd4Ie9Ineg&oe=6615B0F3&_nc_sid=e6ed6c&_nc_cat=110',0,13,1),(34,' health wealth happiness?','https://chat.whatsapp.com/invite/JJWEunJMVGPBxw9TTCyJ1m','India','Hindi','','','','https://pps.whatsapp.net/v/t61.24694-24/122933424_306308343801487_7760697587551662817_n.jpg?ccb=11-4&oh=01_ASB5qYwhT6U6-6hr9WxRlRqVW-Nd_aYC4VuLCvsiSWjQ6g&oe=6615A379&_nc_sid=e6ed6c&_nc_cat=103',0,26,1),(35,'Plan share karo 31','https://chat.whatsapp.com/invite/5FPpYZpaol59V74jxZKrBS','India','Hindi','','','','https://pps.whatsapp.net/v/t61.24694-24/350409923_257867890224614_4195396476352710580_n.jpg?ccb=11-4&oh=01_ASCuSBMbK1FSw73u27DZgnohP-GuezHwK71ZNzmjMip7vA&oe=6615AEC3&_nc_sid=e6ed6c&_nc_cat=109',0,14,1),(36,'BPO jobs New Delhi','https://chat.whatsapp.com/invite/9X7sAVg2zG6KzwXfg8m8fU','India','Hindi','','','','https://pps.whatsapp.net/v/t61.24694-24/57121134_278573936364543_4154037010857721856_n.jpg?ccb=11-4&oh=01_ASA-xCtwxKvsrYjuadWDUhZMuqNEQdoS-CTtU5wpFFzUfQ&oe=6615AADA&_nc_sid=e6ed6c&_nc_cat=103',0,27,1),(37,'?MAHARASHTRA TANDAV  ?','https://chat.whatsapp.com/invite/ENOImnw37U86t5D0LXO1dx','India','Marathi','','','','https://pps.whatsapp.net/v/t61.24694-24/254846286_450299613189515_3657542076355802493_n.jpg?ccb=11-4&oh=01_ASCS9NqPdRrD1CC_RbdhOdcwCHSoLSxmw8nMwLZn4L92Sw&oe=6615D101&_nc_sid=e6ed6c&_nc_cat=109',0,13,1),(38,'The stylo collection 7','https://chat.whatsapp.com/invite/JwT7KdOcaTDKbXfIvlkna7','India','Hindi','','','','https://pps.whatsapp.net/v/t61.24694-24/57623970_316783732346836_3333664559008317440_n.jpg?ccb=11-4&oh=01_ASCkgg9XVfxIYgmu-RueeJfe1Ksi7UQZFmubn_MHSQv9Ww&oe=6615C546&_nc_sid=e6ed6c&_nc_cat=111',0,25,1),(39,'?गोष्ट कोकणातली?','https://chat.whatsapp.com/invite/DK7sSuHjgAj5CixrCXfvzl','India','Marathi','','','','https://pps.whatsapp.net/v/t61.24694-24/137978197_825016678082179_8281802706504583965_n.jpg?ccb=11-4&oh=01_ASAQMnfTBESFnMd3nO5Wh_DbNJNf5ueZ25EuQ4H9MGLycw&oe=6615A06E&_nc_sid=e6ed6c&_nc_cat=102',0,39,1),(40,'Tec csc adhar exam','https://chat.whatsapp.com/invite/Fu3csHyLjTH5Re8ynTMmi5','India','Hindi','','','','https://pps.whatsapp.net/v/t61.24694-24/307881579_1441616486324586_8733714308706957566_n.jpg?ccb=11-4&oh=01_ASD3BWnVZGaVAH1EwSLOkCs7NQE-dJQo5guiSVcFTr9aNg&oe=6615BDD8&_nc_sid=e6ed6c&_nc_cat=110',0,14,1),(41,'? शिवसाम्राज्य ?','https://chat.whatsapp.com/invite/LiEk6u91Y2e7olaiUrvKBo','India','Marathi','','','','https://pps.whatsapp.net/v/t61.24694-24/106431168_2635999103333586_1071249703250076729_n.jpg?ccb=11-4&oh=01_ASA8qUL_PdkT6HLoUxicWjIGvAfWc8QfLvEOionFvKQb7Q&oe=66159F65&_nc_sid=e6ed6c&_nc_cat=103',0,13,1),(42,'आपलं सर्वस्व मराठी ४.','https://chat.whatsapp.com/invite/1UvijC585C8B6MY5Xfg2co','India','Marathi','','','','https://pps.whatsapp.net/v/t61.24694-24/394253367_1494202804736704_3666795283579811888_n.jpg?ccb=11-4&oh=01_ASDogYSuqpDaCzVXnSLymYqlUCuV0lTfKFyJfjm0Y7bnxA&oe=6615D645&_nc_sid=e6ed6c&_nc_cat=105',0,13,1),(43,'?आपला महाराष्ट्र ?','https://chat.whatsapp.com/invite/Lmp9ScgkBzr6KS1DFnQxUT','India','Marathi','','','','https://pps.whatsapp.net/v/t61.24694-24/315779598_1052362835637193_5674673988558605510_n.jpg?ccb=11-4&oh=01_ASAZ6gxt52WISSbbouwiE3m7S1sEmg_sijL-TiGpP9Ty1g&oe=6615D1F8&_nc_sid=e6ed6c&_nc_cat=107',0,13,1),(44,'Sagar Point™?','https://chat.whatsapp.com/invite/2OfBQcCctXSAatNAo2V5Hd','India','Hindi','','','','https://pps.whatsapp.net/v/t61.24694-24/72117476_186537342483395_844586106072961775_n.jpg?ccb=11-4&oh=01_ASAPREo_WZkZKvOB655UR8gcUUmvuYDcQksSFgUf27h_RA&oe=6615AFCC&_nc_sid=e6ed6c&_nc_cat=107',0,14,1),(45,'Yuvi for ever ?','https://chat.whatsapp.com/invite/IEOOKuhlQF3LT83HnDLvQX','India','Hindi','','','','https://pps.whatsapp.net/v/t61.24694-24/57418959_2261033717480137_320111789540900864_n.jpg?ccb=11-4&oh=01_ASCEdZhrkDEfFydQNc9jGMdOqLx1aPfz1w2ApRUL3YheFA&oe=6615B705&_nc_sid=e6ed6c&_nc_cat=106',0,24,1),(46,'उद्योजक व्हा - कोल्हापुर','https://chat.whatsapp.com/5Uj8vFe1r0U5McgS9zmK4z','India','Marathi','','','','https://pps.whatsapp.net/v/t61.24694-24/356943190_830820558239135_8055027041605465390_n.jpg?ccb=11-4&oh=01_ASCdudwPhHzs543h-fj6MfViaxljQRBnjGr7UUUcfy691Q&oe=6615D213&_nc_sid=e6ed6c&_nc_cat=102',0,14,1),(47,'Sangli Group 1 ?️?️','https://chat.whatsapp.com/LKdmYAN9dao2Xjde8E5bUq','India','Marathi','','','','https://pps.whatsapp.net/v/t61.24694-24/401973592_2364463190407751_377185413074574986_n.jpg?ccb=11-4&oh=01_ASAiAqvJuOuyQDY3wA4dHg-6I0g_fUw4wfW4-b0s7gTOeA&oe=6615B700&_nc_sid=e6ed6c&_nc_cat=108',0,14,1),(48,'LION ? PREDICTION','https://chat.whatsapp.com/invite/0SesbtAIDvzFN0a2HsAUum','India','English','','','','https://pps.whatsapp.net/v/t61.24694-24/421760505_773315447742603_7917958765698641227_n.jpg?ccb=11-4&oh=01_ASCx8ht8miPcGuPRE4SR7bqaJc6ygrGL-TlThY2I8kZmOg&oe=6615B412&_nc_sid=e6ed6c&_nc_cat=101',0,41,1),(49,'Subscribe?','https://chat.whatsapp.com/GxL06JXKADsAdPfbOgtxd9','India','Hindi','','','','https://pps.whatsapp.net/v/t61.24694-24/169208901_303386301572467_6992697366370039359_n.jpg?ccb=11-4&oh=01_ASDRmeolTdQ59VdtTjFg3Hu_mr31WkqZfGMTxGZiMW4EFQ&oe=6615A987&_nc_sid=e6ed6c&_nc_cat=104',0,40,1),(50,'AK BOOK  - 7096456283','https://chat.whatsapp.com/invite/HEHJK9G4KRw7MsmM2IFTr8','India','Hindi','','','','https://pps.whatsapp.net/v/t61.24694-24/240279377_396808168834976_5546208546844457656_n.jpg?ccb=11-4&oh=01_ASClEye98Tk5s7t9KixGDzgp2Gjfi6Tt0cY5_lVPpDnpmg&oe=6615D53A&_nc_sid=e6ed6c&_nc_cat=106',0,3,1),(51,'Adventure 2.0','https://chat.whatsapp.com/HwObFCNY5YS6QeeRPtsZjr','India','Hindi','Enjoy your time...','','Enjoy, Trips, Travel, Adventure','https://pps.whatsapp.net/v/t61.24694-24/427363640_968787484609237_5874423799494004205_n.jpg?ccb=11-4&oh=01_ASAL02jWIqjddJw_0fmL4ntIuZrMkEvDATBVyTzzAbPsmQ&oe=6615B5DA&_nc_sid=e6ed6c&_nc_cat=105',1,8,1),(53,'ബന്ധങ്ങൾ അവസരങ്ങൾ ആണ്:','https://chat.whatsapp.com/invite/Elk3sA288jmBCOyv5PDJ1S','India','Malayalam','','','','https://pps.whatsapp.net/v/t61.24694-24/165008869_619193999644395_8534086432028575549_n.jpg?ccb=11-4&oh=01_ASCeVJIywVs8sf5D8Wj2TIjS8_xbjpt_uN3vsdmpKtfY1A&oe=6615D1DF&_nc_sid=e6ed6c&_nc_cat=106',0,27,1),(54,'Go to Loveshopping.in and join whatsapp group','https://chat.whatsapp.com/IR9hDbiyDOO1AgUjcXfRR2','India','Hindi','','','','https://pps.whatsapp.net/v/t61.24694-24/292204933_1052020382101251_4617270297386747537_n.jpg?ccb=11-4&oh=01_ASAaMh0VaO9EDWVYy9Ok77acEganES5j8g_zZsfemnh6Fg&oe=6615D60D&_nc_sid=e6ed6c&_nc_cat=107',0,35,1),(55,'Online Earning Friends','https://chat.whatsapp.com/IbPkYl8vXMiIdnXrIUn7DN','India','Hindi','','','','https://pps.whatsapp.net/v/t61.24694-24/377128073_822386855992758_3022510059908767598_n.jpg?ccb=11-4&oh=01_ASAy_tkzjeQKjpDUaHymyB9eQ7qDftVQsNCox67JXvHJyA&oe=6615B9A0&_nc_sid=e6ed6c&_nc_cat=107',0,28,1),(56,'Trading passion','https://chat.whatsapp.com/invite/93buYypfOSjDHZA57xuYHV#','India','Hindi','','','','https://pps.whatsapp.net/v/t61.24694-24/57395888_307730546564550_4205133038482358272_n.jpg?ccb=11-4&oh=01_ASD23T4zrt6jVdeCIwRBdcV1QazE9xgz9r6ekczAkPIoRw&oe=6615BE52&_nc_sid=e6ed6c&_nc_cat=103',0,14,1),(57,'Daily Shit Stinky','https://chat.whatsapp.com/invite/CK9QrFqg0CY6LowOAdCpgP','India','English','','','','https://pps.whatsapp.net/v/t61.24694-24/57710480_2104243929613246_264981151242780672_n.jpg?ccb=11-4&oh=01_ASA6OLy5VbvisI8CdsZ8AC6-KtZE7DukxNuNQAU47Tp60A&oe=6615B0E2&_nc_sid=e6ed6c&_nc_cat=110',0,14,1),(58,'Only Hindi language ?102','https://chat.whatsapp.com/invite/GNqVvFEY0MC2MSz5J2LYYn','India','Hindi','','','','https://pps.whatsapp.net/v/t61.24694-24/287140259_527796622221119_6546976433470094917_n.jpg?ccb=11-4&oh=01_ASAJyZ_1LD1TdXm4UUb5vVEgzxvq5FRjrsxEOd8-YL2x7A&oe=6615A326&_nc_sid=e6ed6c&_nc_cat=106',0,14,1),(59,'माऊली येवला पैठणी ','https://chat.whatsapp.com/invite/06WhVWWlURv26WQLtIvdrc','India','Marathi','','','','https://pps.whatsapp.net/v/t61.24694-24/67835136_421730925354279_3785471882774446080_n.jpg?ccb=11-4&oh=01_ASCX5rwPKYu3GPaB8n_79ruTBllL_XLZ__qGicllvZimLw&oe=6615D38D&_nc_sid=e6ed6c&_nc_cat=100',0,25,1),(60,'? YCS Investment Services','https://chat.whatsapp.com/invite/E1fZ28H3PV829bzveNxrBh','India','Hindi','','','','https://pps.whatsapp.net/v/t61.24694-24/105916388_766733530793062_8733762902893593038_n.jpg?ccb=11-4&oh=01_ASAqyWjnJWTBZ3pVpV5NWoS-ybQw3sfymKrVcvLLoL58rA&oe=6615ADB3&_nc_sid=e6ed6c&_nc_cat=109',0,14,1),(61,'??Tata News. Com??','https://chat.whatsapp.com/invite/9m1fBBY8sE21QxlN9c0kR0','India','Hindi','','','','https://pps.whatsapp.net/v/t61.24694-24/213847426_349884016488500_5950711738850888827_n.jpg?ccb=11-4&oh=01_ASAOPhwhUg4aZY6V3-tB1cFxKIqPRTlo8Y5xqVYqqbbQAw&oe=6615ABF9&_nc_sid=e6ed6c&_nc_cat=103',0,5,1),(62,'SG FASHION5⃣????????','https://chat.whatsapp.com/invite/5g7SyEtJeEjFFSZch4MBx8','India','Hindi','','','','https://pps.whatsapp.net/v/t61.24694-24/56567453_590639444752235_3487768565409382400_n.jpg?ccb=11-4&oh=01_ASAkv8UrYovBGA0tG_bkeonNZKWvias2GJ4MyS5sym9tQQ&oe=6615A3C9&_nc_sid=e6ed6c&_nc_cat=107',0,14,1),(63,'???NewsUpdate???','https://chat.whatsapp.com/invite/LsBwuDoPZt44JD1JRwoGSd','India','Hindi','','','','https://pps.whatsapp.net/v/t61.24694-24/56935415_811380972571597_7728487890430197760_n.jpg?ccb=11-4&oh=01_ASCCjMUnWOU_QB2bKH8k71AvfiWabsikFxbVBw6jHohB8w&oe=6615D2A5&_nc_sid=e6ed6c&_nc_cat=105',0,5,1),(64,'ZEFIRE COMPANY','https://chat.whatsapp.com/invite/9wGGz4DOb8fGZ99R4U49Ds','Nigeria','English','','','','https://pps.whatsapp.net/v/t61.24694-24/427904868_1108025963648578_5076655660627024294_n.jpg?ccb=11-4&oh=01_ASCOUodWVyvnk8cg4eXadPmFnUZqYHWYsapLdwR2zrupAA&oe=6615A451&_nc_sid=e6ed6c&_nc_cat=111',0,28,1),(65,'❤️','https://chat.whatsapp.com/6ReORGid1Uf3IMC7GIULKA','Indonesia','Zulu','','','','https://static.whatsapp.net/rsrc.php/v3/yB/r/_0dVljceIA5.png',0,5,1),(66,'Dm Ajaypranit get 700k','https://chat.whatsapp.com/FcZyzhOTvHdH0FkBn9DmR0','Nigeria','English','','','','https://pps.whatsapp.net/v/t61.24694-24/302339422_879808136245188_1277625651420897737_n.jpg?ccb=11-4&oh=01_ASBvhORRFkzhz-5xHEf9HJQ_N5Ds6yFlJJEGmoLBTKOAwg&oe=6615CA66&_nc_sid=e6ed6c&_nc_cat=104',0,28,1),(67,'Earning App','https://chat.whatsapp.com/invite/5Jrc18m9z9M3TrIQrXe4FT','India','Hindi','','','','https://pps.whatsapp.net/v/t61.24694-24/299885932_783843886288898_1417832407216844715_n.jpg?ccb=11-4&oh=01_ASA0DVhfDnpltC0Bw-ODohOhlz2f7cCjmIwsORcRKQelxA&oe=6615C379&_nc_sid=e6ed6c&_nc_cat=111',0,28,1),(68,'Business group ????✅✅','https://chat.whatsapp.com/invite/0OzORXccezDCLJ07wkorCv','India','Hindi','','','','https://pps.whatsapp.net/v/t61.24694-24/362260261_825124905853498_7430177497956256875_n.jpg?ccb=11-4&oh=01_ASDU1mALjB_KQqTEIyan9-l0xUvd0i-WlKJkmf2Qg9ib3A&oe=6615B1A4&_nc_sid=e6ed6c&_nc_cat=103',0,28,1),(82,'Xxx videos','https://chat.whatsapp.com/FMdvZ90OVRZAYBPIhmGMea','India','Hindi','','','','https://pps.whatsapp.net/v/t61.24694-24/424434586_4174361529457244_8849201921171572503_n.jpg?ccb=11-4&oh=01_ASDUy4pshYXs7sfdkT7DiWjAR8IJeLQcrjFUda_jtXDxqQ&oe=6615A99A&_nc_sid=e6ed6c&_nc_cat=101',0,12,1),(85,'Bhabi ki chudai ??','https://chat.whatsapp.com/EpwoU968TEYHzWnNAPHAe9','India','Hindi','','','','https://pps.whatsapp.net/v/t61.24694-24/421125311_1151810409514702_840728091783173480_n.jpg?ccb=11-4&oh=01_ASAjJ-iV0WYmc2z5hLBlJdNPg1AffyaGswyF3elgroVkIQ&oe=6615CF26&_nc_sid=e6ed6c&_nc_cat=106',0,12,1),(86,'Xxx vidoes ','https://chat.whatsapp.com/JVQVq37rKIW4eTQnOaUIYG','India','Hindi','','','Bhabhi,   sexy,   +18,   Terabox,   hot video,   mms,   xxx,   xvideos,   Desi,   Indian,   sexvideo ','https://pps.whatsapp.net/v/t61.24694-24/427786437_1108898776993208_3660969891323418823_n.jpg?ccb=11-4&oh=01_ASBa1TlEhf0kuWsewVHQS_L1sAhSRTRSSc2NiQoUlOO6cg&oe=6615A0EE&_nc_sid=e6ed6c&_nc_cat=104',0,12,1),(87,'Xxx vidoes','https://chat.whatsapp.com/Jd4odoYX8Wo2lTSgrbK1IH','India','Hindi','','','Bhabhi,   sexy,   +18,   Terabox,   hot video,   mms,   xxx,   xvideos,   Desi,   Indian,   sexvideo ','https://pps.whatsapp.net/v/t61.24694-24/415289555_312512264912006_4807272873926260563_n.jpg?ccb=11-4&oh=01_ASCbAnocKPTHojeqcvJ98CNckeLg05yoMZHatC7YIFUkMA&oe=6615C466&_nc_sid=e6ed6c&_nc_cat=100',0,12,1),(88,'Xxx video','https://chat.whatsapp.com/LBVKxbgyUqr9ToNgagcuTf','India','Hindi','','','Bhabhi,   sexy,   +18,   Terabox,   hot video,   mms,   xxx,   xvideos,   Desi,   Indian,   sexvideo ','https://pps.whatsapp.net/v/t61.24694-24/427299876_333900029693123_9110760855484768899_n.jpg?ccb=11-4&oh=01_ASAE4WQd5CzE2NHwMBczWpoPZYBtAnTcgrKby3mhR_eZ6A&oe=6615B2ED&_nc_sid=e6ed6c&_nc_cat=108',0,12,1),(89,'Xxx videos','https://chat.whatsapp.com/C60IW7Hi8JLDMUiWdnOhL0','India','Hindi','','','Bhabhi,   sexy,   +18,   Terabox,   hot video,   mms,   xxx,   xvideos,   Desi,   Indian,   sexvideo ','https://pps.whatsapp.net/v/t61.24694-24/425697000_1410634503151074_3378915545010343661_n.jpg?ccb=11-4&oh=01_ASAgpGbhugbXej3BWIhP13rR-PquD1MV-wTBdMMM9gD4vA&oe=6615A8D9&_nc_sid=e6ed6c&_nc_cat=107',0,12,1),(95,'?? ति  सध्या  काय करते  ❤‍?❣️','https://chat.whatsapp.com/COVEjBRcb1x1ByoxYwRmZW','India','Marathi','','','','https://pps.whatsapp.net/v/t61.24694-24/431495423_3236987636435211_3801655303448322224_n.jpg?ccb=11-4&oh=01_ASDub0hy7cVBck2xK0929xRkqUWFimqYRgh8BsxKOg59RA&oe=6615AD80&_nc_sid=e6ed6c&_nc_cat=106',0,18,1),(98,'निरोगी जीवन ??2️⃣(Helath Is Wealth)','https://chat.whatsapp.com/FLfdbf7Y7PgKpduXo24LC1','India','Marathi','','','','https://pps.whatsapp.net/v/t61.24694-24/425294644_957841579194338_5559402004908202737_n.jpg?ccb=11-4&oh=01_ASANkbMJNx36bXB31fs9OM6f0iOUcqyMuf5UuXHP4b9skQ&oe=6616129D&_nc_sid=e6ed6c&_nc_cat=100',0,26,1),(104,'???Indian Desi girl???','https://chat.whatsapp.com/BIGOiARRmpW2WqtOh0b5pV','India','Hindi','','','','https://pps.whatsapp.net/v/t61.24694-24/424438098_1155762035330741_6614408359311798731_n.jpg?ccb=11-4&oh=01_ASBdcnnfhuX4d-q-gJswgzLzxaSHi55QDRXEz6MpEtYMbQ&oe=661618D0&_nc_sid=e6ed6c&_nc_cat=108',0,12,1),(105,'MARKET GURU TRADING INVESTMENT','https://chat.whatsapp.com/GBrr6U9wrTa2rBNSEHDgxq','India','Hindi','','','','https://pps.whatsapp.net/v/t61.24694-24/405944346_3570799079829500_3312108270805087668_n.jpg?ccb=11-4&oh=01_ASAsc_7PthCJpfSqLvIlAaLUJzi5D6-qWazG1kScYmxBQA&oe=66164C53&_nc_sid=e6ed6c&_nc_cat=111',0,42,1),(106,'ALTRAN BITCOIN  INVESTMENT','https://chat.whatsapp.com/GWi1bwoGi9c1q2JsSVpWg0','India','Hindi','','','','https://pps.whatsapp.net/v/t61.24694-24/413566002_1102753720745160_7792013335859808678_n.jpg?ccb=11-4&oh=01_ASA1U9mVUsdVYyQtK5VpPn-hKTSjnOn_pIBFcPv4L1tuqQ&oe=66163A45&_nc_sid=e6ed6c&_nc_cat=111',0,42,1),(107,'विदेशी मुद्रा गुरु बाइनरी एफएक्स','https://chat.whatsapp.com/Hz2nI15pnD12LzZu4xVEcT','India','Hindi','','','','https://pps.whatsapp.net/v/t61.24694-24/413200886_967857441532848_3272240924432753255_n.jpg?ccb=11-4&oh=01_ASDJNxUUFXUUYpijM8JWXmReJmH0nB-q9m3G-dlhAn4UHg&oe=66163F8C&_nc_sid=e6ed6c&_nc_cat=110',0,42,1),(109,'MOVIE HOUSE','https://chat.whatsapp.com/invite/IY8tUQava0LG7C0BQFrOWs','United Kingdom','English','','','funny, video, funny, jokes, movie, house','https://pps.whatsapp.net/v/t61.24694-24/427878402_914855613449647_8567111532992783385_n.jpg?ccb=11-4&oh=01_ASD3-SVIEvGXcKKXNOrXPYdlGWPcGLBNd3KhnD7040XKqg&oe=66164567&_nc_sid=e6ed6c&_nc_cat=102',0,1,1),(110,'TIKTOK','https://chat.whatsapp.com/invite/JTDQnwxkJOyHpBPGFlzNNg','United Kingdom','English','','','funny, video, funny, jokes, ','https://pps.whatsapp.net/v/t61.24694-24/413718372_870608924816673_6791343183806947196_n.jpg?ccb=11-4&oh=01_ASCTSQjOH_YEX6YAa3hp65he82H3FuHOGiw9aAWs8yfQJg&oe=66164305&_nc_sid=e6ed6c&_nc_cat=108',0,21,1),(111,'Viral Video','https://chat.whatsapp.com/invite/HtZQdXWEZxd5IRWjjt2bOL','United Kingdom','English','Letest video,viral,media,short,funny,games,movie clips,movie update,new song,letest song,making,build video,gallary.','','','https://pps.whatsapp.net/v/t61.24694-24/409114628_770878784546745_1718535768499715277_n.jpg?ccb=11-4&oh=01_ASAiR41NFjG94wLNidnhRGRmvkO64NG83CBDnhATbgWZsg&oe=66161B40&_nc_sid=e6ed6c&_nc_cat=103',0,18,1),(112,'Viral groups','https://chat.whatsapp.com/invite/FmOxwgslBC3KW3f6r035vR','United Kingdom','English','Hot and funny video link','','','https://pps.whatsapp.net/v/t61.24694-24/421156264_777054281010802_125067539130976029_n.jpg?ccb=11-4&oh=01_ASDBNeO5PgjvhQHhwjTKBuVYZuPivwe-GIe6ssTWHWZ3VA&oe=661647B4&_nc_sid=e6ed6c&_nc_cat=109',0,18,1),(115,'Girls group only ?','https://chat.whatsapp.com/invite/CXQ8Q6MzmNaCj2UD8Wb4X6','United Kingdom','English','Boys don\'t join','','','https://pps.whatsapp.net/v/t61.24694-24/389451333_640128204870742_8491202478714484489_n.jpg?ccb=11-4&oh=01_ASBZpLbKOPuyRg4QoWXtoQ3YqFKkAWQLzxBFmzwwEF8p4Q&oe=66161B9F&_nc_sid=e6ed6c&_nc_cat=101',0,18,1),(117,'Memes','https://chat.whatsapp.com/invite/K9vABmcMC1q9gtXB25OeiE','United Kingdom','English','','','','https://pps.whatsapp.net/v/t61.24694-24/427076960_404794762101133_1403047095231753606_n.jpg?ccb=11-4&oh=01_ASDiPgH2MZRD4gRwq7NN4yGemvw6jP9OiNKG_2HUtT_hJA&oe=661641F8&_nc_sid=e6ed6c&_nc_cat=103',0,18,1),(118,'Get new Friends','https://chat.whatsapp.com/invite/K25D8fqdifsGMoCxEZJJ8R','United Kingdom','English','You can get new friends to chat in this group','','','https://pps.whatsapp.net/v/t61.24694-24/359713625_685001243491932_1349021241804347588_n.jpg?ccb=11-4&oh=01_ASAIJulTz7IC5qfQNjSDVui0Fn9kdTKUJNTRHyorYlWf2Q&oe=66163434&_nc_sid=e6ed6c&_nc_cat=110',0,18,1),(119,'Ogblack entertainment','https://chat.whatsapp.com/invite/GaHoC3HAdNC0J7zeRrbPuU','United Kingdom','English','','','','https://pps.whatsapp.net/v/t61.24694-24/352790640_275244211794654_6145403616948396164_n.jpg?ccb=11-4&oh=01_ASDjT2VqAgzAGK1_xA4eAg_Req_w9JQ5q071OuUidyMhkQ&oe=66163CA7&_nc_sid=e6ed6c&_nc_cat=103',0,18,1),(120,'Hype?','https://chat.whatsapp.com/invite/GGyKmpmC61T5HkKYVBcMZ6','United Kingdom','English','','','','https://pps.whatsapp.net/v/t61.24694-24/316902523_578664707451072_4439759930080758700_n.jpg?ccb=11-4&oh=01_ASA6S2Pt9BRB90yq3Z9_eI0VcecbehBZRNIt3lhS6DzKFg&oe=66165397&_nc_sid=e6ed6c&_nc_cat=101',0,18,1),(129,'संघर्ष योद्धा मनोज जरांगे फॅन','https://chat.whatsapp.com/FCl8PQV0ArbAtfThuujpN3','India','Marathi','','','','https://pps.whatsapp.net/v/t61.24694-24/422305255_3756552537889917_6284618256184244455_n.jpg?ccb=11-4&oh=01_ASD8pI6JiI5wu87lqPO_5SL3OlgC70ybmQ-yAaFAIJh4kQ&oe=6617BCA7&_nc_sid=e6ed6c&_nc_cat=104',0,13,1),(130,'लोकसभा निवडणूक अपडेट','https://chat.whatsapp.com/LHVbGYoXitVETUIFUPW4CR','India','Marathi','','','','https://pps.whatsapp.net/v/t61.24694-24/416145009_890048576143220_3093145141329680129_n.jpg?ccb=11-4&oh=01_ASBZ8NXocTf1X5VtUBq9teZBgyonaFMi57zoDdVTdCqPJQ&oe=661796C9&_nc_sid=e6ed6c&_nc_cat=102',0,32,1),(131,'छत्रपती राजे गृप','https://chat.whatsapp.com/HHk9JuqCKHS5V1DyblWC5Q','India','Marathi','','','','https://pps.whatsapp.net/v/t61.24694-24/430484177_977048547366573_6766449794728152881_n.jpg?ccb=11-4&oh=01_ASCW25KuTrvpcMKxPKZpj9lpFKDgfUZWkvxqz6GxKPWDgg&oe=6617B87F&_nc_sid=e6ed6c&_nc_cat=105',0,13,1),(134,'SURAT Fashion Sale????','https://chat.whatsapp.com/G6DbyLyeIQa9oBex9ON94M','India','Marathi','','','','https://pps.whatsapp.net/v/t61.24694-24/383857970_1013900403149621_7134013018162052607_n.jpg?ccb=11-4&oh=01_ASARvx3tucjF7Aw1th-CxhtLcM7c20zQ_xa68P9gJAQz3w&oe=6617A38F&_nc_sid=e6ed6c&_nc_cat=111',0,35,1),(138,'??Superstars ??','https://chat.whatsapp.com/LWFS8kuh3vK9ug0SefFycw','India','Marathi','','','Comedy-Funny,  India,  Marathi ','https://pps.whatsapp.net/v/t61.24694-24/256517066_564615431285646_4251486995350037674_n.jpg?ccb=11-4&oh=01_ASCUx30c3i5bFk442w47gjIkfvOB9HYy1HhCfGofMkQs3A&oe=66193576&_nc_sid=e6ed6c&_nc_cat=111',0,18,1),(139,'???','https://chat.whatsapp.com/F6HZYqCenIr2ljP1AnpnpB','India','Marathi','','','Comedy-Funny,  India , Marathi ','https://static.whatsapp.net/rsrc.php/v3/yB/r/_0dVljceIA5.png',0,18,1),(140,'Khandesh Tamasha rasik','https://chat.whatsapp.com/EYBnaDxYa38HHgm7hsmF0U','India','Marathi','','','Comedy, Funny,  India,  Marathi ','https://pps.whatsapp.net/v/t61.24694-24/58667658_420486178534893_3233818711248863232_n.jpg?ccb=11-4&oh=01_ASBujPb0zJ7JibIHiQVBSKmqu672H6wbIDVwUhWsn4vGNg&oe=66193D66&_nc_sid=e6ed6c&_nc_cat=100',0,18,1),(141,'महाराष्ट्र उधोजक ?','https://chat.whatsapp.com/FAtHIiDeJkoCVsTUCVgkLc','India','Marathi','maharstra business group','','','https://pps.whatsapp.net/v/t61.24694-24/429282212_1069788930981242_7947169927818479747_n.jpg?ccb=11-4&oh=01_ASCmIyT8WfmQehtIkQJba8OpsOPqrDcCCD_vzDDtCGMkgw&oe=6619359F&_nc_sid=e6ed6c&_nc_cat=102',0,14,1),(154,'छत्रपती शासन','https://chat.whatsapp.com/DxsHNqqXx858jaU0Ho52za','India','Marathi','छत्रपती शासन','','','https://pps.whatsapp.net/v/t61.24694-24/380041004_1090698532210388_134519915333065095_n.jpg?ccb=11-4&oh=01_ASAtrWr9RezS5MiOPAJLvYaYPR2SQ8YSLe5txQoIfyJuNg&oe=6619422D&_nc_sid=e6ed6c&_nc_cat=110',0,13,1),(155,'??सांग कधी कळणार तुला??','https://chat.whatsapp.com/KnFsDaM0vLAFlSt5Ip6hkU','India','Marathi','सांग कधी कळणार तुला\njoin WhatsApp Group ','','','https://pps.whatsapp.net/v/t61.24694-24/427531741_401962066027228_6107608193849758590_n.jpg?ccb=11-4&oh=01_ASBHVujOJoKA7kWRRgYMtBRJdI7keClEKCi973SYPHGq8g&oe=66193EA7&_nc_sid=e6ed6c&_nc_cat=105',0,45,1),(156,'महाराष्ट्र लोणी बाजार गाय खरेदी विक्री संघ ग्रूप न 701','https://chat.whatsapp.com/LekSLiEvjXOLgblBnuTSl7','India','Marathi','महाराष्ट्र लोणी बाजार गाय खरेदी विक्री संघ ग्रूप','','','https://pps.whatsapp.net/v/t61.24694-24/424505619_917499356835086_9082209815009369897_n.jpg?ccb=11-4&oh=01_ASCpjH9fApf52TLAhDd6Sgck63RAJVK3gAHiMRYZRcf6lw&oe=661950B7&_nc_sid=e6ed6c&_nc_cat=103',0,35,1),(157,'आम्ही चाळीसगावकर','https://chat.whatsapp.com/DEQKSs4trZyCcpM9e5q0pW','India','Walser','','','marathi, chalisgaon','https://pps.whatsapp.net/v/t61.24694-24/425049593_8042180719130566_1266281683031846495_n.jpg?ccb=11-4&oh=01_ASDHH6CiabN89pbJP_xyAlhoYMJHMcl2_Ib9Qai5dEsTjA&oe=66192ED7&_nc_sid=e6ed6c&_nc_cat=103',0,48,1),(159,'??  4️⃣4️⃣0️⃣  करंट  गौतमी पाटील ??','https://chat.whatsapp.com/G0lMfHHwPUe07F9lJ54FYU','India','Marathi','','','गौतमी पाटील, gautam patil, lavni','https://pps.whatsapp.net/v/t61.24694-24/425497438_953121819514699_8974734533823285891_n.jpg?ccb=11-4&oh=01_ASDBiAizB-Hk5idCPvfgmGdY8gNB9L_QaMIxd9FZACgEKg&oe=661B5832&_nc_sid=e6ed6c&_nc_cat=106',0,21,1),(160,'?? ति  सध्या  काय करते  ❤‍?❣️','https://chat.whatsapp.com/In1BPZaN9HiLX4EIE5wJWc','India','Marathi','ती सध्या काय करते','','','https://pps.whatsapp.net/v/t61.24694-24/431495423_3236987636435211_3801655303448322224_n.jpg?ccb=11-4&oh=01_ASAO_495nUD0YSDwMD7y2JWKSCIZWzly1GuQX5NYyIbk6Q&oe=661B6400&_nc_sid=e6ed6c&_nc_cat=106',0,21,1),(161,'??  नादच  ⚡   खूळा   ??','https://chat.whatsapp.com/FMZok9ThDBBBogMqYb0MIT','India','Marathi','','','','https://pps.whatsapp.net/v/t61.24694-24/429539663_241644585707188_2180619182908098093_n.jpg?ccb=11-4&oh=01_ASCpgCG5dLt2FAFz75fLxEqrhHvrlXlztJRuAbMfcW7hDw&oe=661B7F5A&_nc_sid=e6ed6c&_nc_cat=106',0,21,1),(162,'?❤‍?  काळी  मैना   ??','https://chat.whatsapp.com/D8doZ0E2D1A0bUIyLhdKRl','India','Marathi','काळी मैना','','','https://pps.whatsapp.net/v/t61.24694-24/427816872_3867616943469173_5141788554418311550_n.jpg?ccb=11-4&oh=01_ASCri8HSFB8UM95xMVgM7_5Cn8jYrzS5wgOB8Tu5k9lXRA&oe=661B74CB&_nc_sid=e6ed6c&_nc_cat=109',0,21,1),(163,'??  सरकार तुम्ही करताय मार्केट जाम ??','https://chat.whatsapp.com/GtK8UlgcKroAGaSx33Vuxp','India','Marathi','','','','https://pps.whatsapp.net/v/t61.24694-24/427397243_913620843825317_5587551956226430635_n.jpg?ccb=11-4&oh=01_ASBPGx7jQUsLS1w9fMejkuhEaWoQ6AK-7PJ3F6JX_cUxIg&oe=661B785A&_nc_sid=e6ed6c&_nc_cat=109',0,21,1),(164,'??  माधुरी पवार फॅन्स  ??','https://chat.whatsapp.com/FOMQuEOoJtXHA7vJyNtyou','India','Marathi','माधुरी पवार फॅन्स क्लब','','','https://pps.whatsapp.net/v/t61.24694-24/430418169_334615659590705_2844246560513565729_n.jpg?ccb=11-4&oh=01_ASAFtOHx16D8YNkSjYB5BiBCm79VrZUJzAG30J3Q-dc2vg&oe=661B62D0&_nc_sid=e6ed6c&_nc_cat=103',0,24,1),(165,'??  किसान ?  पुत्र  ??','https://chat.whatsapp.com/HN9fA49NuxH9eMUmjYF8LV','India','Marathi','शेती विषयक माहितीचा व्हाट्सअप्प ग्रुप','','','https://pps.whatsapp.net/v/t61.24694-24/425105439_375466162130022_7026986891598202287_n.jpg?ccb=11-4&oh=01_ASB3hlwwd2UCgyQGwgvmqXfuL6rXdolvX2DoV6r2pU5XRg&oe=661C605F&_nc_sid=e6ed6c&_nc_cat=106',0,50,1),(166,'??बुरा ना मानो होली है??','https://chat.whatsapp.com/ECv9em0KsoyISNkYPaCOe3','India','Hindi','','','','https://pps.whatsapp.net/v/t61.24694-24/424432531_412860458000672_8843313119019804025_n.jpg?ccb=11-4&oh=01_ASCj6wTwzTptvnf0wcoWF0sEMLtUPJvZI1Nrg852aJnxvQ&oe=661C6BD8&_nc_sid=e6ed6c&_nc_cat=103',0,18,1),(169,'??  आठवण तिची येताच ?  ??','https://chat.whatsapp.com/EeGc7Yg23UfAlSgOw3jaaF','India','Marathi','चार प्रेमाच्या गोष्टी','','','https://pps.whatsapp.net/v/t61.24694-24/419379579_799591682021580_8189708684009810770_n.jpg?ccb=11-4&oh=01_ASDUvO0NiOaofjPpJjcdwF0ZRWwiwTewxbIeS59e0DRRaA&oe=661E71CA&_nc_sid=e6ed6c&_nc_cat=111',0,45,1),(172,'मोरया मित्र मंडळ महाराष्ट्र राज्य','https://chat.whatsapp.com/EVPat08UbPJ1Okoe67SAUX','India','Marathi','','','','https://pps.whatsapp.net/v/t61.24694-24/427323681_1572752813572902_7581648056322556391_n.jpg?ccb=11-4&oh=01_ASC7bkve89r1m_jQjdfZHVZYmGlISXaCtPF0OPW4pqkJGw&oe=66212FAB&_nc_sid=e6ed6c&_nc_cat=108',0,13,1),(173,'?? कांदा उत्पादक शेतकरी ??','https://chat.whatsapp.com/IVoaiMljSGmDa1hQ6yPhdQ','India','Marathi','','','','https://pps.whatsapp.net/v/t61.24694-24/430444276_1114758759850922_4653829098441051741_n.jpg?ccb=11-4&oh=01_ASA0q3cUyIpfwVo2rEC8CPwzSkpktvzqHfRg4J6ATAYZvQ&oe=662119AE&_nc_sid=e6ed6c&_nc_cat=103',0,50,1),(174,'?? कृषि शेतकरी  महाराष्ट्र राज्य ??','https://chat.whatsapp.com/Dot9BWYiBCh2fjQJpIPyp4','India','Marathi','','','','https://pps.whatsapp.net/v/t61.24694-24/424431091_1520606508514993_1696168387107813831_n.jpg?ccb=11-4&oh=01_ASBLsph1HQINPLBqkqbNjHN9hzvXcAXzQE-wmMlmsJGo7g&oe=66211B28&_nc_sid=e6ed6c&_nc_cat=103',0,50,1),(175,'?? नाद फक्त ❣️हिंदवि  ? पाटील चा?','https://chat.whatsapp.com/KgJfgLqETPZJRlVaZF5EbR','India','Marathi','','','','https://pps.whatsapp.net/v/t61.24694-24/420970707_2300352670156069_1038238083041072154_n.jpg?ccb=11-4&oh=01_ASAjlNx9eesSXi7C9ActzsQ79cLYMgT_lJPaz9Vt_UknfQ&oe=66211A57&_nc_sid=e6ed6c&_nc_cat=109',0,21,1),(176,'??  तुझी माझी ?लव्ह स्टोरी  ?❣️','https://chat.whatsapp.com/ISfmFFN1nP91kyOfnwJvBy','India','Marathi','','','','https://pps.whatsapp.net/v/t61.24694-24/424242851_1371158360211884_3289877210178845083_n.jpg?ccb=11-4&oh=01_ASD4ZoI2L9exhJdzxDxmKCZcmo-T9D3Eh2Q-7PHwfLYwHA&oe=662116A5&_nc_sid=e6ed6c&_nc_cat=103',0,45,1),(177,'?‍??‍♂️HOT❤️?‍♂️MASHTI ?‍♀️?‍♀️','https://chat.whatsapp.com/GVU4wmqgc9q0B3zUCI2OJ3','India','Hindi','मस्त मस्त मस्तीवाला ग्रुप','','','https://pps.whatsapp.net/v/t61.24694-24/427735478_384760657732857_2119378299803930858_n.jpg?ccb=11-4&oh=01_ASD-qHXO4x_VouK18tDx1N_mf2m-rG8DqnvI2ZHAQPsh9g&oe=662145DC&_nc_sid=e6ed6c&_nc_cat=109',0,12,1),(178,'?? खरेदी विक्री समुह श्रीगोंदा ??','https://chat.whatsapp.com/C9ToDM1MQSR47OfXo93IrI','India','Marathi','गौतमी पाटील फॅन्स क्लब','','','https://pps.whatsapp.net/v/t61.24694-24/425672516_1510685849517484_5831352263086752096_n.jpg?ccb=11-4&oh=01_ASA_lAg38lChBJrvaywV8nfs06LBtl80kGV5rTrC1B7mrw&oe=66214301&_nc_sid=e6ed6c&_nc_cat=108',0,21,1),(179,'?? खरेदी विक्री समुह देवळा ??','https://chat.whatsapp.com/GvQne7x7dCy2NUMnwwJNGR','India','Marathi','','','','https://pps.whatsapp.net/v/t61.24694-24/422401629_1203697277259451_7487915581233460578_n.jpg?ccb=11-4&oh=01_ASD8kEEMZsLa45vDc0ZH3e4lEBQUy2GH-hZJZHnxgk8mzA&oe=66212D8F&_nc_sid=e6ed6c&_nc_cat=106',0,49,1),(180,'शासकीय योजना माहिती❗️','https://chat.whatsapp.com/J55T4Rz5dBMGC48EyS4SyD','India','Marathi','','','','https://pps.whatsapp.net/v/t61.24694-24/406240591_367005405844839_2194990499962548943_n.jpg?ccb=11-4&oh=01_ASBHLeDv4mplG5wZFz3yvy9TDUmcKw8e6A1AsIq4H2TyZw&oe=662120B5&_nc_sid=e6ed6c&_nc_cat=111',0,44,1),(181,'?? कांदा उत्पादक शेतकरी  ??','https://chat.whatsapp.com/HSPrgBYEGQk6BvCZOOz5PD','India','Marathi','','','','https://pps.whatsapp.net/v/t61.24694-24/426269479_270837119329717_32814102832519889_n.jpg?ccb=11-4&oh=01_ASChcFNj0fUtmZ97z_iLjlPrtGbFLAw-LQPDu4EexKzgCQ&oe=66213EBF&_nc_sid=e6ed6c&_nc_cat=110',0,21,1),(182,'??कांदा उत्पादक शेतकरी नाशिक ??','https://chat.whatsapp.com/LTLGFk0tsdcEhPm2wbXuKf','India','Marathi','','','','https://pps.whatsapp.net/v/t61.24694-24/431133651_3080991732034709_4784481686475156303_n.jpg?ccb=11-4&oh=01_ASBMyXPEd4rjDMYz1nQnxk7V43nGVnvAjJiRcMOBt6HB1Q&oe=66214A2D&_nc_sid=e6ed6c&_nc_cat=102',0,32,1),(183,'?? कोपरगाव कृषि मार्केट ??','https://chat.whatsapp.com/GeMxWtOcLeVDDZQFJuBYPh','India','Marathi','','','','https://pps.whatsapp.net/v/t61.24694-24/424660723_751056663812335_3528988879160539945_n.jpg?ccb=11-4&oh=01_ASBNI88pxkw32Nf_NjoP0i5Fdo_B5ppEMB5_bvMJaP2GXQ&oe=66213981&_nc_sid=e6ed6c&_nc_cat=107',0,48,1),(184,'?? पुणे विभाग  शेतकरी ??','https://chat.whatsapp.com/If2XO7Qyv7O6rBZ3TooEds','India','Marathi','','','','https://pps.whatsapp.net/v/t61.24694-24/430355419_1085020102797792_1702982168976900132_n.jpg?ccb=11-4&oh=01_ASAUDyd5_V-urMH8X0D_dISknUnh7WtjW4mG71yQATvRbQ&oe=66213EAE&_nc_sid=e6ed6c&_nc_cat=107',0,48,1),(185,'One two three??','https://chat.whatsapp.com/invite/HDzKnIslewTDw7DKaDvVGi','India','Hindi','','','','https://pps.whatsapp.net/v/t61.24694-24/57451464_2601734129856293_1060497768356773888_n.jpg?ccb=11-4&oh=01_ASAK5KjKTZAmvCCBD4JStIqz0N1fRQtlPON7SpuTt2rxfg&oe=66221620&_nc_sid=e6ed6c&_nc_cat=108',0,28,1),(186,'Videobuddy','https://chat.whatsapp.com/invite/4dhiHWIaQJK7OEB8xR9Fip','India','Hindi','video fun whatsapp group','','','https://pps.whatsapp.net/v/t61.24694-24/65625607_522667168469129_6457152196147412992_n.jpg?ccb=11-4&oh=01_ASDqIETxSq9Zw9HK2t9ydzb_MB03YxP0ZPsoWmHaqlLIrw&oe=66223BBB&_nc_sid=e6ed6c&_nc_cat=108',0,21,1),(187,'?शैक्षणिक लढा ?','https://chat.whatsapp.com/GleNBrMzhPbFzN50SZRbUJ','India','Marathi','शैक्षणिक ग्रुप, Marathi educational whatsapp group','','','https://pps.whatsapp.net/v/t61.24694-24/121393587_346911219725086_599973517152870201_n.jpg?ccb=11-4&oh=01_ASB1gRioxXr1dMzREZMybwcbN9qp-bUuhmZnRbgo-zHamg&oe=662238D6&_nc_sid=e6ed6c&_nc_cat=109',0,20,1),(188,'? Mazhi बातमी ?','https://chat.whatsapp.com/invite/C6WnEdxQLYm7KT0zd3jM4I','India','Marathi','मराठी बातम्या, मराठी अपडेट','','','https://pps.whatsapp.net/v/t61.24694-24/290633068_605844307370785_3173885058710985356_n.jpg?ccb=11-4&oh=01_ASDPqOYUkle4GjVdICZUPeeYCNwzI9VuJmFHjvq4zM7LVQ&oe=66223670&_nc_sid=e6ed6c&_nc_cat=103',0,5,1),(189,'ｓｕｎｄａｙ ｆｕｎ ｃｕｓｔｏｍ','https://chat.whatsapp.com/invite/GZAOhy44MEQ6BJNTEnODJz','India','Hindi','all fun is here. Join group for funny stuff.','','','https://pps.whatsapp.net/v/t61.24694-24/143411638_257670329060996_524654531002329177_n.jpg?ccb=11-4&oh=01_ASCmcrnaDfui1SAFIuE2eDG0CbCWc3xvu_Bn2-s0eZGUTQ&oe=66223B2C&_nc_sid=e6ed6c&_nc_cat=102',0,18,1),(190,'??Pubg???lover&#039;s??','https://chat.whatsapp.com/invite/LTH8HLIRy3XFgnwAUTHPNe','India','Hindi','whatsapp group for PubG lovers','','','https://pps.whatsapp.net/v/t61.24694-24/212604886_329853135276738_5070250194353210523_n.jpg?ccb=11-4&oh=01_ASDP-GVgNMSct_pmZrFrK3o68TebJGZTIKFD2Z813jjBuA&oe=66222206&_nc_sid=e6ed6c&_nc_cat=108',0,3,1),(191,'HackerElit3 3️⃣5️⃣','https://chat.whatsapp.com/invite/JaVoiH9EHb49jJfVC5rEE4','India','Hindi','hacking group, software group','','','https://pps.whatsapp.net/v/t61.24694-24/353078556_302569599000617_2551039086365839559_n.jpg?ccb=11-4&oh=01_ASD-iqo7sFsNcxTrKy339oSRrofET7iptGAeoH2YEhhWrg&oe=662213FE&_nc_sid=e6ed6c&_nc_cat=105',0,4,1),(192,'King of Maharashtra','https://chat.whatsapp.com/invite/Lw0FdzY7TrX6nJLjDiwS8h','India','Marathi','Join only maharashtrian people. मराठी लोकांनीच जॉईन व्हावे. ','','','https://static.whatsapp.net/rsrc.php/v3/yB/r/_0dVljceIA5.png',0,48,1),(193,'business ???','https://chat.whatsapp.com/invite/9cclgH7GjBFJI7lSbaqEc6','India','Marathi','३५ करोड रुपये कमावण्याची संधी','','','https://pps.whatsapp.net/v/t61.24694-24/56341701_882995108729319_7092748459068882944_n.jpg?ccb=11-4&oh=01_ASCw432WfkOfsZVkxHWYTZe1SQ0FJC0Dkc9N3_WowzoYMQ&oe=66223BBE&_nc_sid=e6ed6c&_nc_cat=109',0,14,1),(194,'MAHARASHTRA KING','https://chat.whatsapp.com/invite/FZLoxpNQ6GTLxAliOgqky7','India','Marathi','महाराष्ट्र किंग','','','https://static.whatsapp.net/rsrc.php/v3/yB/r/_0dVljceIA5.png',0,48,1),(195,'?मनसे विद्यार्थी सेना?','https://chat.whatsapp.com/KSahmEQ7ob6AKUhNOFdBCZ','India','Marathi','महाराष्ट्र नवनिर्माण सेना विद्यार्थी कक्ष','','','https://pps.whatsapp.net/v/t61.24694-24/103146919_3188926444497943_3238483517237088849_n.jpg?ccb=11-4&oh=01_ASDC5PfJnDtLBgw1oKbSuKGmm5GvZz4nDxz5i5UG1ABECQ&oe=66221191&_nc_sid=e6ed6c&_nc_cat=101',0,32,1),(196,'? स्थानिक रोजगार ?','https://chat.whatsapp.com/EOJGOh0q9rh3WupdmUnVHc','India','Marathi','रोजगार माहिती, job information','','','https://pps.whatsapp.net/v/t61.24694-24/115821483_609125333343488_1933298853523471303_n.jpg?ccb=11-4&oh=01_ASDu0Hd7wqpF9nLfQqGhbitxr7fxrMw-15YWu0YkYVfLdw&oe=66222AEE&_nc_sid=e6ed6c&_nc_cat=111',0,27,1),(197,'? आम्ही उस्मानाबादकर  01?','https://chat.whatsapp.com/CmrL3H1TpqDDTrHIgK6Tuh','India','Marathi','','','','https://pps.whatsapp.net/v/t61.24694-24/57499571_390243248485610_3937552177895047168_n.jpg?ccb=11-4&oh=01_ASCvELDvPo0ekINFw7OYqVHRP20lYFHBlaOE_Yc1DfiL2g&oe=66221825&_nc_sid=e6ed6c&_nc_cat=102',0,48,1),(198,'Maratha Empire ??','https://chat.whatsapp.com/FQ6AFjHhxJpLgotKwBI3aw','India','Marathi','','','','https://pps.whatsapp.net/v/t61.24694-24/368037080_9946374498737822_3523535036167405172_n.jpg?ccb=11-4&oh=01_ASDxdRhXKANzxIGJiiRWGc-oLs1YBrEq-CcsIpSAQJxb8g&oe=662214A2&_nc_sid=e6ed6c&_nc_cat=107',0,48,1),(199,'New Bussiness ideas','https://chat.whatsapp.com/invite/38iFhZVaOPz0to1cE4MtZs','India','Marathi','business ideas','','','https://pps.whatsapp.net/v/t61.24694-24/58411287_543705946157590_2021785258214555648_n.jpg?ccb=11-4&oh=01_ASC9jJP-WVRcn9ELwXTSHnrtMQKtnYlGM40DfGw2r86sGQ&oe=662224DE&_nc_sid=e6ed6c&_nc_cat=107',0,14,1),(200,'India Business Ideas','https://chat.whatsapp.com/invite/DzbwGjNNfPE0fUGTtjISH3','India','Hindi','Business ideas','','','https://pps.whatsapp.net/v/t61.24694-24/57118356_2413591425366588_7116426686786174976_n.jpg?ccb=11-4&oh=01_ASD-vsgaN_beynm4Z4Yin0C3veIQkljtHLRwO56eXUExnA&oe=6622364C&_nc_sid=e6ed6c&_nc_cat=100',0,14,1),(202,'केवल भारत का ही सच्चा. https://chat.whatsapp.com/HCkwyRDBvwA0IkObpkpRJD','https://chat.whatsapp.com/invite/Hm8dGISSphkGwWyysG27QN','India','English','','','','https://pps.whatsapp.net/v/t61.24694-24/328155626_209900304935167_425665515681507085_n.jpg?ccb=11-4&oh=01_ASAT4iFt1vtRu3gWJcS8jME_eyWfllVxPMsVWc9N3cHvsw&oe=66223B74&_nc_sid=e6ed6c&_nc_cat=103',0,14,1),(203,'S.R.G.I Electrician Group','https://chat.whatsapp.com/invite/DZ8V2yCdV8sH1itjBuegBp','India','Hindi','','','','https://pps.whatsapp.net/v/t61.24694-24/383367256_821264469732634_4217754427148908635_n.jpg?ccb=11-4&oh=01_ASBcIPewyaEumDLlp2_WEwr_KceJDyApS5nyPXbOj4aREQ&oe=662227F5&_nc_sid=e6ed6c&_nc_cat=105',0,51,1),(204,'MADE IN INDIA ??????','https://chat.whatsapp.com/invite/4tucbpwb3au6AAmkUS4O12','India','Hindi','pride india whatsapp group. Join and share link.','','','https://pps.whatsapp.net/v/t61.24694-24/75633978_1033695650383407_2336452309454700093_n.jpg?ccb=11-4&oh=01_ASAvlviE6z4t64JlAJp5Oeqihv0nwgKstoC9i-JDbmpQzg&oe=6622200F&_nc_sid=e6ed6c&_nc_cat=109',0,48,1),(205,'लग्न आणि झवा झवी','https://chat.whatsapp.com/HOkfyBJJHTEEfjR9Eup6lD','India','Marathi','marathi zava zavi group','','','https://pps.whatsapp.net/v/t61.24694-24/427649320_1092913498608210_1972793246440520098_n.jpg?ccb=11-4&oh=01_ASDM3zi_lrldotrw2-MSyKrztkxe8JL3MvobSHg-KrmuQg&oe=66235212&_nc_sid=e6ed6c&_nc_cat=107',0,12,1),(206,'PornHub ??','https://chat.whatsapp.com/Eg5fQ94SePPL6kLmkLFV0T','India','Marathi','india porn','','','https://pps.whatsapp.net/v/t61.24694-24/383365814_1070022180943178_1096895925173120703_n.jpg?ccb=11-4&oh=01_ASArbKgDNZQq4tG5bfcymJ8vZTkxrVTWDNWns4FACjuCqA&oe=662374C0&_nc_sid=e6ed6c&_nc_cat=111',0,12,1),(208,'Dosti yari ☺️','https://chat.whatsapp.com/Eiu8N0IUosi33mfU6gknzh','India','Hindi','no rules. jo bhi bhejna hai bhejo. All content allowed. this group is yours. friendship banao, girfriend banao, chatting karo, masti karo','','','https://pps.whatsapp.net/v/t61.24694-24/424602357_715260214010142_5869884751104737410_n.jpg?ccb=11-4&oh=01_ASDJYKuFzpzUitINWOgmLBd4exMt8qWJhHFaE57RqKZLuw&oe=662358B9&_nc_sid=e6ed6c&_nc_cat=107',0,21,1),(210,'Comedy','https://chat.whatsapp.com/LjW9uVfDSdzGscxZG9f81u','India','Hindi','hindi comedy, hindi joke','','hindi comedy, hindi joke','https://pps.whatsapp.net/v/t61.24694-24/406268460_1054480255672757_7440601492204698124_n.jpg?ccb=11-4&oh=01_ASAkxo2w2yN-loEvu2BcUe7lP-5blGSEdkUwWbsOAjnDrQ&oe=662354BD&_nc_sid=e6ed6c&_nc_cat=108',0,18,1),(212,'(Dream-11)-2 IPL 2024','https://chat.whatsapp.com/FtXVTXicg3pCh3xErlmBsw','India','Hindi','cricket update and fantacy','','','https://pps.whatsapp.net/v/t61.24694-24/399260389_724692246269520_2644831357656775776_n.jpg?ccb=11-4&oh=01_ASDjsz9nWWNFfKN9sDPEr_qpUjLi5twIbOJDp2xpR7FYPg&oe=662683C5&_nc_sid=e6ed6c&_nc_cat=103',0,37,1),(219,'SINGAL..JODI..','https://chat.whatsapp.com/ChrUfg7KcEy2k8PiZCirYX','India','Hindi','Perfect guessing','','','https://pps.whatsapp.net/v/t61.24694-24/426053589_1436202087270599_2772144755372838274_n.jpg?ccb=11-4&oh=01_ASBiBes6Ae8JSRAElN4iTd26z36RqSgTQCBRcc4KlR6paA&oe=66273C38&_nc_sid=e6ed6c&_nc_cat=104',0,41,1),(220,'Yaron ka yarana ?','https://chat.whatsapp.com/KKtMCgzqcLXJTbCillLPpO','India','Hindi','किसी को गलत मत बोलना','','Full masti, education','https://pps.whatsapp.net/v/t61.24694-24/421756461_383329571164102_5753465435258566169_n.jpg?ccb=11-4&oh=01_Q5AaIAhLwwYh_E3TLb6FF1Ah0zEO8GEIsxg1V5y1LwjiUYnQ&oe=6627182B&_nc_sid=e6ed6c&_nc_cat=101',0,18,1),(221,'Creative Hub','https://chat.whatsapp.com/FiTPxBjh5YuIPDD7vyJosE','India','Hindi','Join group to get earning opportunity. ','','Earn from home, work from home, business','https://pps.whatsapp.net/v/t61.24694-24/409254669_2585525628295868_4993654556317279909_n.jpg?ccb=11-4&oh=01_ASABaBk2_8cy8CfJ5vSsVPGwUFKqi4y-ctRhS67pJ-fkKQ&oe=66274109&_nc_sid=e6ed6c&_nc_cat=110',0,14,1),(226,'New movies and status','https://chat.whatsapp.com/D5C6jkOfttxGmHORnobZZg','India','Marathi','Don\'t post bad videos. Share posts related to movie, web series, tv serials etc.','','','https://pps.whatsapp.net/v/t61.24694-24/425986577_1321361481884106_2606755339848145956_n.jpg?ccb=11-4&oh=01_ASAOr4Tw9NIzKfMJ7NjD7x-AMuRWGCm_iPgSDm-bv1ZXjw&oe=6627222A&_nc_sid=e6ed6c&_nc_cat=107',0,1,1),(228,'???-?,????_??????=???????/????????*( ￣皿￣)/#','https://chat.whatsapp.com/IWQzZ4VvWIXHt8gvma5YsV','India','Hindi','Hello guys mein Bisal The B-Gang member mein ek baat bol raha hun dheko The B-Gang koi fighter GANG nahi hai Yeh ek family hai hamara team social helper hai Aap mein se jisko Bhi koi Help ka zarurat hai to hamara team se sampark Kar sakte hai.','','','https://pps.whatsapp.net/v/t61.24694-24/421277475_1633485397431390_3830585962941785954_n.jpg?ccb=11-4&oh=01_ASBouItSWGH1DbWsUPJ3mS7FL6xCh4HiKXJxNwJjAP1lEw&oe=662724FA&_nc_sid=e6ed6c&_nc_cat=107',0,13,1),(230,'DB1 Movies','https://chat.whatsapp.com/KNgt123bgdcKgK4BjX0MB1','India','Hindi','Indian movie, bollywood movies, south indian movies, web series','','','https://pps.whatsapp.net/v/t61.24694-24/425433200_1592948038191168_4576029560030693362_n.jpg?ccb=11-4&oh=01_ASCwBkABtYI54nSQrAsRDdE4zwLUKMVeIhRYzoBx4deDWg&oe=66274988&_nc_sid=e6ed6c&_nc_cat=107',0,1,1),(232,'Desi videsi porn','https://chat.whatsapp.com/FZBztP0SufrEuOl28rtxJd','India','Hindi','Jo video nahi bhejega use bahar nikala jayega','','','https://pps.whatsapp.net/v/t61.24694-24/423687133_734898888607169_6943291393066329847_n.jpg?ccb=11-4&oh=01_ASBacF9RLwmkzkGCqWNYOFkQH9p9xheg5Y0eMAASk3zagw&oe=662A0AF0&_nc_sid=e6ed6c&_nc_cat=101',0,12,1),(233,'विदर्भ हवामान अंदाज ⛈️','https://chat.whatsapp.com/J3Pt89rzkZn98fMJvQrf2C','India','Marathi','विदर्भातील शेतकरी आणि इतर व्यावसायिकांनी जॉईन व्हावे. ज्यांना हवामानाच्या अभ्यासाची आवड आहे अशा लोकांनी जॉईन व्हावे.','','','https://pps.whatsapp.net/v/t61.24694-24/371405060_737355728202657_9137686808422401086_n.jpg?ccb=11-4&oh=01_ASD_JLuJ_2PVdlJyX2zu0HPsPjqELY11jipB4Rulmh9RYg&oe=662B5FCB&_nc_sid=e6ed6c&_nc_cat=109',0,50,1),(234,'Poultry &amp; hatchery inform','https://chat.whatsapp.com/K0PnWUN9Rd7CTGBdzHGeK2','India','Marathi','अंड्यापासून पिल्ले बनवणारी मशीन घरच्या घरी कशी तयार करावी याबाबतचे मार्गदर्शन या ग्रुपमध्ये मिळेल. ज्यांना गरज आहे अशाच लोकांनी जॉईन व्हावे. फालतू मेसेज टाकू नयेत.','','','https://pps.whatsapp.net/v/t61.24694-24/161421628_459625465720645_8126538317226106914_n.jpg?ccb=11-4&oh=01_ASCWs5wCg4OHXnTF1sNICU_Nvq_84MknDfni_s3g5SLw_g&oe=662B65C5&_nc_sid=e6ed6c&_nc_cat=101',0,50,1),(235,'?आमची माती आमची माणसं?','https://chat.whatsapp.com/J2lo8Dj4LPI6fjI5yBtEXj','India','Marathi','शेतकरी बांधवांसाठी तयार केलेला ग्रुप. आपणाला शेतीविषयक महिती य ग्रुपमध्ये मिळेल. पिके, बियाणे, हवामान अंदाज, पशुपालन, जनावरांचे आजार, त्यांची निगा, सरकारी योजना यांबाबतची सगळी माहिती इथे मिळेल.','','','https://pps.whatsapp.net/v/t61.24694-24/64306693_1631674296968821_1841385383263207424_n.jpg?ccb=11-4&oh=01_ASC267YHIkeIc7WAwYoLhpXmW7y4HYDdOOJiYGr8Mj0MMg&oe=662B60F3&_nc_sid=e6ed6c&_nc_cat=110',0,50,1),(236,'? GREPES FARMING','https://chat.whatsapp.com/IAzqw7w3qxXAhE2tH43M1W','India','Marathi','या ग्रुपमध्ये फक्त द्राक्ष या विषयावरच पोस्ट टाकल्या जातील. इतर विषयांवर पोस्ट टाकून लोकांचा वेळ वाया घालवू नये. द्राक्ष शेतीसंबंधी चर्चा करावी. आपल्या समस्या टाकाव्यात. यथाशक्ती मार्गदर्शन केले जाईल.','','','https://pps.whatsapp.net/v/t61.24694-24/95090841_110308913861445_4794584209262411605_n.jpg?ccb=11-4&oh=01_Q5AaIIcUtss1pIcxr8rWA1Z5F6GRJbfw9SSEha2cpJtL7maN&oe=662B50EF&_nc_sid=e6ed6c&_nc_cat=106',0,50,1),(237,'? K K ? BANJO ? TELANGSHI','https://chat.whatsapp.com/DbcYDzoZgo42opHhciU6hG','India','Marathi','','','','https://pps.whatsapp.net/v/t61.24694-24/407044728_1505503413548581_5260437120772759028_n.jpg?ccb=11-4&oh=01_Q5AaIOFO5zXRKl0OSYG_pNpfqkbwf0ZiAKLZqBNy03_smwV6&oe=662B7BF6&_nc_sid=e6ed6c&_nc_cat=100',0,30,1),(238,'Money earn','https://chat.whatsapp.com/KuLzF2h9vnC0cIe8X2fAj0','India','Marathi','','','','https://static.whatsapp.net/rsrc.php/v3/yB/r/_0dVljceIA5.png',0,28,1),(239,'?JAY SHANKAR?FIX GAME (Matka)','https://chat.whatsapp.com/IYlowEmD0400EoZtXjGxuI','India','Marathi','ALL TYPE OF MATKA. RIGHT PREDICTION. FREE GAME MATKA AVAILALE IN THIS GROUP.','','','https://pps.whatsapp.net/v/t61.24694-24/426814535_927418702103872_6269926095977280120_n.jpg?ccb=11-4&oh=01_ASB69xXYgrQdJjjJwF0ViXvokNiSSc5SoN53k3taWQEgvQ&oe=662B783A&_nc_sid=e6ed6c&_nc_cat=111',0,41,1),(240,'???? Front Page Business Buzz - Ratnagiri ????','https://chat.whatsapp.com/FPRcI6Rrto3CZWCi7pfIZ2','India','Marathi','महाराष्ट्रातील ग्राहक आणि व्यापारी यांना एकत्र आणण्याच्या हेतूने या ग्रुपची  निर्मिती करण्यात आली आहे. व्यापार, व्यवसाय यासंबंधी पोस्ट्स टाकाव्यात.','','','https://pps.whatsapp.net/v/t61.24694-24/325792083_710776064077347_706325228801843150_n.jpg?ccb=11-4&oh=01_ASCtXD3nhWhj5lLwPIwhKT1gNfyVdm6Acxvlar37BegKEg&oe=662B69D9&_nc_sid=e6ed6c&_nc_cat=100',0,14,1),(241,'शेअर मार्केट मराठी','https://chat.whatsapp.com/Cy5sWpNKbWl435z32hob9O','India','Marathi','शेअर मार्केट, ट्रेडिंग, swing trading, nifty, bank nifty , options trading, money earning','','','https://pps.whatsapp.net/v/t61.24694-24/345241744_727491879059451_6673616356406082623_n.jpg?ccb=11-4&oh=01_ASA6hIQKr8shfEhiHh6jlqnakd5D-B6hxveaek9RkVu-eg&oe=662B7C22&_nc_sid=e6ed6c&_nc_cat=107',0,52,1),(242,'महाराष्ट्रातील जॉब्सच्या संधी आणि भरती','https://chat.whatsapp.com/HVowCV4Y1bb3DIYKOeJAyy','India','Marathi','या ग्रुपमध्ये विविध सरकारी व खासगी क्षेत्रातील नोकरीविषयक माहिती टाकली जाईल. Job news daily updated.','','','https://pps.whatsapp.net/v/t61.24694-24/408215876_1417632152505014_2879045434111718476_n.jpg?ccb=11-4&oh=01_ASCFRUj-JYPMueZ_Lreh_fhEle3rR3I9HaQdxi71MOrY8Q&oe=662B4A7B&_nc_sid=e6ed6c&_nc_cat=110',0,27,1),(243,'NaukriMH 2 ? No.1 Daily job update ?','https://chat.whatsapp.com/GzrHZ1A5ZwY61rbI2mfdtG','India','Marathi','daily job related updates.','','','https://pps.whatsapp.net/v/t61.24694-24/381374014_850701009712215_8318337400644336570_n.jpg?ccb=11-4&oh=01_ASAfNFt1NBonEdfJAFD90pOASqRydsXvh5uMHloTIKWTDA&oe=662B6D1C&_nc_sid=e6ed6c&_nc_cat=108',0,27,1),(244,'Jobsmarathi','https://chat.whatsapp.com/EoMqKwuKCpmIFcbEvFIcot','India','Marathi','नोकरीविषयक बातम्या, जाहिराती, ताज्या घडामोडी, स्पर्धा परीक्षा विषयी माहिती टाकली जाईल.','','','https://pps.whatsapp.net/v/t61.24694-24/394217657_865113188478587_3695509794725415252_n.jpg?ccb=11-4&oh=01_ASCBSbxwMTxtqOB8kJoW4qi944sn3ca8vCOlQ6ovTXjsWw&oe=662B4F4B&_nc_sid=e6ed6c&_nc_cat=105',0,27,1),(245,'??आधार मधुमेहमुक्ती मार्ग दर्शन केंद्र ??','https://chat.whatsapp.com/CjLzI4Uf31lJPzI1uFJiPH','India','Marathi','','','','https://pps.whatsapp.net/v/t61.24694-24/405821290_1286083102037594_5135820800539894092_n.jpg?ccb=11-4&oh=01_ASCsGQnCelPlhvHiCSfzY0c-vIvgQblsf16Ow0zj6EiQuA&oe=662B7771&_nc_sid=e6ed6c&_nc_cat=104',0,14,1),(246,'Maharashtra marathi group','https://chat.whatsapp.com/DalgKQPacmY5PNHM2gW9zY','India','Marathi','घाण मेसेज टाकू नयेत. नाहीतर ग्रुपमधून बाहेर काढले जाईल.','','','https://pps.whatsapp.net/v/t61.24694-24/315443026_760472175476296_5299363179710913707_n.jpg?ccb=11-4&oh=01_Q5AaIA5-99CZ2NAdauh_qr4bEGGSNhLOW32wAeKhLOKsYJl5&oe=662B4EFA&_nc_sid=e6ed6c&_nc_cat=106',0,26,1),(247,'?️vdhoot Enterprises  (women&#039;s wear)','https://chat.whatsapp.com/FAO5Tbf55NyAGOAt5ACzBY','India','Marathi','फक्त महिलांचे कपडे खरेदी करण्यासाठी जॉईन व्हा.','','','https://pps.whatsapp.net/v/t61.24694-24/382568983_333577449355885_8547998490492656176_n.jpg?ccb=11-4&oh=01_ASB6PUtDjr6NakfrqHWwwuRnF2udM88Qp8gvc2hZUmci7Q&oe=662B70BF&_nc_sid=e6ed6c&_nc_cat=109',0,14,1),(248,'S N ? company ?','https://chat.whatsapp.com/KogchYNBI0d6jTcflvymVp','India','Marathi','','','','https://pps.whatsapp.net/v/t61.24694-24/413986275_880542813549875_7187778782912827436_n.jpg?ccb=11-4&oh=01_Q5AaIKCHYHdCklQlIhO_twUgH9U09eDeX5sLoNQeUByQkr9E&oe=662B74A6&_nc_sid=e6ed6c&_nc_cat=100',0,21,1),(249,'?❣️?जय जिजाऊ जय शिवराय ?❣️?','https://chat.whatsapp.com/K17Jzcc14V18QKFiEshVtR','India','Marathi','','','','https://pps.whatsapp.net/v/t61.24694-24/399438595_6873555532694177_7780336388926910449_n.jpg?ccb=11-4&oh=01_ASAlU6SM1pa7uaaFhgOQl6WPD8X2bsr2ZUt-5it9Azcr4w&oe=662B5516&_nc_sid=e6ed6c&_nc_cat=111',0,13,1),(250,'??❣️मित्र परिवार ❣️??','https://chat.whatsapp.com/Jv7DmS1uHwuJW1Uaet115h','India','Marathi','धमाल मस्ती','','','https://pps.whatsapp.net/v/t61.24694-24/400884662_358978339953224_8890959950886259916_n.jpg?ccb=11-4&oh=01_ASA-7jksSMl93NJDHKR9GIdxN8Fo10-W5UhpLsHTPRmvcA&oe=662B7BAA&_nc_sid=e6ed6c&_nc_cat=107',0,21,1),(251,'बेस्ट मराठी','https://chat.whatsapp.com/KcDEF2nr51c6t8TGZNuls7','India','Marathi','','','','https://pps.whatsapp.net/v/t61.24694-24/389574186_693634052374978_1209351975240020486_n.jpg?ccb=11-4&oh=01_Q5AaIPVx0TXOJfRZbdSPyH-hbmTd9it_i11VtZ7iKExfROgD&oe=662B4E6C&_nc_sid=e6ed6c&_nc_cat=111',0,21,1),(252,'♥️??नाद आमचा जिवाभावाचा नाद एकच बैलगाडा शर्यत ??♥️','https://chat.whatsapp.com/GnV1KnbcF6k7Nc3Ome6St1','India','Marathi','','','','https://pps.whatsapp.net/v/t61.24694-24/328760432_1490816921755127_5099699351173194426_n.jpg?ccb=11-4&oh=01_ASAH8gym41d0cA2UqHtfbAa722zX8BTtVE2RboD3p4EXFw&oe=662B6C67&_nc_sid=e6ed6c&_nc_cat=105',0,21,1),(253,'Boys &amp; Girls??','https://chat.whatsapp.com/FJ2f95IpRbpGz2E6HpXv9Z','India','Marathi','ग्रुपमध्ये कोणत्याही जहिराती, लिंक टाकू नये. एकदाच सांगितले जाईल. सांगूनही ऐकले नाही तर ग्रुपमधून काढून टाकले जाईल.','','','https://pps.whatsapp.net/v/t61.24694-24/353338379_1620880028393226_1251705229146541133_n.jpg?ccb=11-4&oh=01_ASDW0LkAoKjs_9GsgjHmD4qzckOYb7ydFaWh7pBpIhX1ZQ&oe=662B66EC&_nc_sid=e6ed6c&_nc_cat=106',0,18,1),(254,'देशी गुरुप','https://chat.whatsapp.com/LjBf47c6LOZEg5mUzuwWnR','India','Marathi','','','','https://pps.whatsapp.net/v/t61.24694-24/358789130_1061217265072828_5646175786606767830_n.jpg?ccb=11-4&oh=01_ASCFd2nX6aiKtFO7cT-FdZW3wAjX1sWKEQZ8JLs1YW0WVw&oe=662B64F9&_nc_sid=e6ed6c&_nc_cat=105',0,12,1),(255,'???तसला ग्रुप??','https://chat.whatsapp.com/Lh5zktebxN545I55qIqHj0','India','Marathi','','','','https://pps.whatsapp.net/v/t61.24694-24/295184350_719499792486969_7158731316559543656_n.jpg?ccb=11-4&oh=01_ASB5jBwSLsOMi6X0WO_FYerO4kw_t1WEn4cIh3F289_8eQ&oe=662B758C&_nc_sid=e6ed6c&_nc_cat=103',0,12,1),(259,'Cricket Insights (VNF)','https://chat.whatsapp.com/CHREnjZhj2WE531qmAp2oT','India','Hindi','क्रिकेटप्रेमियों का ग्रुप. यहां क्रिकेट के बारे में जानकारी, समाचार मिलेंगे.','','','https://pps.whatsapp.net/v/t61.24694-24/426180735_1679332895803856_3360490540145156771_n.jpg?ccb=11-4&oh=01_Q5AaIBy4Ae6J2xw97zg8kZsMWDxJOHTaywzr8zGPWLThz01C&oe=662F7A1F&_nc_sid=e6ed6c&_nc_cat=102',0,37,1),(261,'India bad boyz ????','https://chat.whatsapp.com/EIqwBqSEur7LmV9VzoE38P','India','Hindi','join this whatsapp group for unlimited masti. ','','','https://pps.whatsapp.net/v/t61.24694-24/418946954_1492314601497635_1144625167024110707_n.jpg?ccb=11-4&oh=01_Q5AaIIaHSOzVPxy-mHw5bgEZDwWpuTKwKz-72raAlRMJAiBF&oe=663261F8&_nc_sid=e6ed6c&_nc_cat=109',0,21,1),(262,'??⚔ INDIAN ? GROUP⚔??','https://chat.whatsapp.com/BbZbmC0ZzYd1pPE78ng5Dj','India','Marathi','Join this group. share group link to your friends.\ndoston ke sath link share karen.','','','https://pps.whatsapp.net/v/t61.24694-24/68244370_448846152504881_5205050924489244672_n.jpg?ccb=11-4&oh=01_Q5AaIE8LhJM90PoYZ5_65RT7bMdiYxajWU2xeATJuaNfGgFo&oe=66326E80&_nc_sid=e6ed6c&_nc_cat=111',0,21,1),(263,'RB Car Dealership','https://chat.whatsapp.com/J7YIZb6K0AkEjF2TgijO7H','India','Hindi','car dealership Bareli','','','https://pps.whatsapp.net/v/t61.24694-24/425556424_945831447047571_8105001793391039710_n.jpg?ccb=11-4&oh=01_Q5AaIAxnkyGSqwYftaqXI8TYYVK6qCdUwzrk6uOtee4PyUQM&oe=66324747&_nc_sid=e6ed6c&_nc_cat=107',0,16,1),(264,'?लाइसेन्स ऑनलाइन ग्रुप?️?️??','https://chat.whatsapp.com/KMxJpHK1IcW7RVgm1Odqu1','India','Hindi','','','Auto-Vehicle,  India,  Hindi ','https://pps.whatsapp.net/v/t61.24694-24/389468557_884565807016393_5367919376974214206_n.jpg?ccb=11-4&oh=01_Q5AaIKeNdn_6HQO4NrNCxyhWyijF4Bg16G2eY8cZr-gGOIYr&oe=66325DC9&_nc_sid=e6ed6c&_nc_cat=108',0,14,1),(269,'Delivery boy job in Maharashtra','https://chat.whatsapp.com/DP4wyACYf6VLaG40sntU9v','India','Hindi','Delivery boy  job all over maharastra  ','','','https://static.whatsapp.net/rsrc.php/v3/yB/r/_0dVljceIA5.png',0,27,1),(271,'A Good Person','https://chat.whatsapp.com/Fr1ezFYDufq9y1ZG9pecU4','United States','English','Downlod any web series and any movie in HD quality.','','','https://pps.whatsapp.net/v/t61.24694-24/342217098_608263287998744_7693472160413581675_n.jpg?ccb=11-4&oh=01_Q5AaIFT4A5EUAoojmulHv-jso1U1IsO0bRbsgaUnac3Pki7R&oe=663538DE&_nc_sid=e6ed6c&_nc_cat=102',0,1,1),(273,'•. ????? ??????? ????? ?.•','https://chat.whatsapp.com/IgKga1BtjwxFOnXobLvGx1','India','Hindi','pubg lovers','','','https://pps.whatsapp.net/v/t61.24694-24/428157914_1842732956138562_8512647086396446597_n.jpg?ccb=11-4&oh=01_Q5AaIFL0eLi72c-XGI9odgdXzCRdIB2k6a9lLM6jsAuMsYQ3&oe=6635D7B0&_nc_sid=e6ed6c&_nc_cat=108',0,3,1),(278,'पंडित दिनदयाळ उपाध्याय यो','https://chat.whatsapp.com/HE4JzY58jbbBcORqHj3uv8','India','Marathi','','','Business ','https://pps.whatsapp.net/v/t61.24694-24/166144778_859901207922811_3558240075854214976_n.jpg?ccb=11-4&oh=01_Q5AaICnxfq9RzfgrwNSvSH_OBqVKpBy3yvbbA489714BlI5M&oe=66541E0E&_nc_sid=e6ed6c&_nc_cat=105',0,29,1),(279,'वाघ सेना ग्रुप महाराष्ट्र राज्य',' https://chat.whatsapp.com/DXZHsIyN3rLJ0ACLJZ06h1','India','Marathi','ग्रुपमध्ये फक्त जॉब विषयी माहिती दिली जाईल व वाढदिवसाच्या शुभेच्छा दिल्या जातील','','कोणता व्यवसाय उदाहरणार्थ कंपनी जॉब व गोरमेंट जॉब','https://pps.whatsapp.net/v/t61.24694-24/438786492_992197592287594_6608142591472864771_n.jpg?ccb=11-4&oh=01_Q5AaIIebU19yUCd7nOe_do-LAhhP0JHfsDfwYcAm-w-ThpJi&oe=66E3029C&_nc_sid=5e03e0&_nc_cat=108',0,27,1),(280,'Only Vidarbha couples','https://chat.whatsapp.com/GM6pFgi3gkK7RirDKV3fAn','India','English','','','Indian share market,Nifty,Bank nifty,Nova trader,Sensex,Finnifty, Mid cap nifty,Pure option buying','https://pps.whatsapp.net/v/t61.24694-24/457101466_3586257831664890_2011028937451056651_n.jpg?ccb=11-4&oh=01_Q5AaII9WD4OZHjK2bw5wUDMRKqQKOKkHRSVyNg76nNzc6-Rc&oe=66E39FE1&_nc_sid=5e03e0&_nc_cat=111',0,52,1),(281,'Entertainment News','https://chat.whatsapp.com/ItIF8wHKs5vFrUkb0gcNod','India','Hindi','No only admin can massage ','','Entertainment News, Bollywood, movies','https://pps.whatsapp.net/v/t61.24694-24/419610611_403105442780193_1904648785507743167_n.jpg?ccb=11-4&oh=01_Q5AaIE06Sx_5rXK7E43OFqkmMb9MP3fADObawBZX1rHV8m11&oe=66E4E449&_nc_sid=5e03e0&_nc_cat=106',0,21,1),(282,'?भालचंद्र शेअर मार्केट ?','https://chat.whatsapp.com/GM4YXxTrRbaC04vyaTbsug','India','Marathi','','','','https://static.whatsapp.net/rsrc.php/v3/yB/r/_0dVljceIA5.png',0,14,1),(283,'Crypto ki duniya','https://chat.whatsapp.com/invite/FxqMzuPzYlOEegyoCN5Eue','India','English','Crypto Ki Duniya','','Crypto Ki Duniya','https://pps.whatsapp.net/v/t61.24694-24/463637078_874005364842711_3545796117786244757_n.jpg?ccb=11-4&oh=01_Q5AaIMpYDywWmhXvVBi8DWGJ0hmX-J43HWjGzH-U4nm9kLDf&oe=672A19F2&_nc_sid=5e03e0&_nc_cat=106',0,28,1),(284,'Gujarat Titan','https://chat.whatsapp.com/GINJF1BlHDKCHq4qM4nCGk','India','Hindi','IPL WhatsApp Group Links','','IPL WhatsApp Group Links, IPL, CRICKET, T20, T-20','https://pps.whatsapp.net/v/t61.24694-24/427372530_1395507418024106_9028571029958168628_n.jpg?ccb=11-4&oh=01_Q5AaICo6CKnk0nXXQGIe4EIl0MyypY1UMnJH6lTYqz1iKb77&oe=673053E9&_nc_sid=5e03e0&_nc_cat=110',0,37,1),(285,'Its Movie time ✨','https://chat.whatsapp.com/CY4FOq32di155QoLNsoSrx','India','Hindi','Its Movie time','','Movies, cinema, bollywood, bollywood dhamak, ','https://pps.whatsapp.net/v/t61.24694-24/371007721_1139817163491663_8983821899521702922_n.jpg?ccb=11-4&oh=01_Q5AaILdHARJBRZePti4_90LDk7rJCVE7m1ebThareNFK0oyP&oe=67303F48&_nc_sid=5e03e0&_nc_cat=110',0,21,1),(286,'World of Movies','https://chat.whatsapp.com/I67KDOASXFI8775YP24Xtw','United States','English','World entertainment','','World of Movies, hollywood movies, english movies','https://pps.whatsapp.net/v/t61.24694-24/383270370_791517812751808_7296722299315274752_n.jpg?ccb=11-4&oh=01_Q5AaINW6-vw154Yfu2l5L6A4mOmE6pW8DqSTlZtFVZbbd3dW&oe=673023BB&_nc_sid=5e03e0&_nc_cat=103',0,21,1),(287,'Satoshi hashcard Exchange?','https://chat.whatsapp.com/K0v696pXAsiIR51WD0qCla','India','Marathi','','','','https://pps.whatsapp.net/v/t61.24694-24/414464544_410648441619711_2283995160887289429_n.jpg?ccb=11-4&oh=01_Q5AaIFPS5CvVrNAgyCizuNWIKF5xjbDA1xkYTo7DLw7GGRjM&oe=6734AB26&_nc_sid=5e03e0&_nc_cat=111',0,14,1),(288,'Market Sandesh_','https://chat.whatsapp.com/HvERIIOmV8V9caZ9AisGAj','India','Hindi','','','share market','https://pps.whatsapp.net/v/t61.24694-24/427299874_975752960886184_1542092938116127300_n.jpg?ccb=11-4&oh=01_Q5AaICG7foCyAgtWMxWyYhXGWcUern_UdKCtnFxJy1iTbGQ3&oe=6734940B&_nc_sid=5e03e0&_nc_cat=101',0,14,1),(289,'?मोर Raipur मोर Property&#039;s?','https://chat.whatsapp.com/IRBq6dIVIEoFAcpuHMPBzh','India','Hindi','','','','https://pps.whatsapp.net/v/t61.24694-24/394894709_839501611400439_1746311294094773368_n.jpg?ccb=11-4&oh=01_Q5AaIEP0k_gltM9zXkP1XJ79X_TlG5uBOGPL9nSd8ktA8HKW&oe=67348F35&_nc_sid=5e03e0&_nc_cat=111',0,14,1),(290,'समर्थ सोशल फौंडेशन','https://chat.whatsapp.com/ECRvHTAdXlDI0rXskjdCtY','India','Marathi','आरोग्य विषयक टिप्स,, समाजकार्यातून व्यवसायाची संधी ','','Health, business','https://pps.whatsapp.net/v/t61.24694-24/457712342_876452294470029_1466537336511631697_n.jpg?ccb=11-4&oh=01_Q5AaIPqLztc1zjasDdMc3-Z63ZzAt1h3nFmVw2Qk50_h7YSu&oe=6734A27D&_nc_sid=5e03e0&_nc_cat=100',0,26,1),(291,'Shayari Dil se ?','https://chat.whatsapp.com/EMB8BsyrGqLELPKDw3hclD','India','Hindi','','','शायरी, shayari, shayri','https://static.whatsapp.net/rsrc.php/v3/yB/r/_0dVljceIA5.png',0,31,1),(292,'??????????? ????....✍️','https://chat.whatsapp.com/F83f031yF38FQ16czDtmlo','India','Marathi','Only News','','','https://pps.whatsapp.net/v/t61.24694-24/464266938_470189469375121_1692973205056012299_n.jpg?ccb=11-4&oh=01_Q5AaIL1U3GRPZVj7tP_0KSZ6UBxFuiHFpk8S3IvZ7jua_flA&oe=6734A4CF&_nc_sid=5e03e0&_nc_cat=105',0,5,1),(294,'जलद बँक लोन','https://chat.whatsapp.com/KAfOx5uo1ATC4MPnlpgyYY','India','Marathi','','','बँक लोन, बँक कर्ज, कर्ज प्रकरणे, क्रेडिट कार्ड','https://pps.whatsapp.net/v/t61.24694-24/394775242_1719478902203874_3197200301702494865_n.jpg?ccb=11-4&oh=01_Q5AaICsYtse8OfBqCnYjnpKQP5NGpwwiPZ8H-5fnmF9P9Eua&oe=6734DAAD&_nc_sid=5e03e0&_nc_cat=105',0,14,1),(295,'?टोमॅटो उत्पादक शेतकरी ?','https://chat.whatsapp.com/BC0E1yO46gpHip8MOh20KM','India','Marathi','','','टोमॅटो उत्पादक शेतकरी, बाजारभाव, मार्केट, कृषी उत्पन्न ','https://pps.whatsapp.net/v/t61.24694-24/423956199_1092745978702802_2486852621871442448_n.jpg?ccb=11-4&oh=01_Q5AaIKcu-GlYJJsJtDwJKS_UNXb9jY-8atwoMp_TC2kTdNp4&oe=6734AD76&_nc_sid=5e03e0&_nc_cat=101',0,50,1),(296,'हेलिकॉप्टर बैज्या प्रेमी?❤️‍???(कर्नाटक &amp; महाराष्ट्र राज्य ग्रूप)','https://chat.whatsapp.com/FSqA6xJlMe6JXoYU0UO8lk','India','Marathi','','','बैलगाडा शर्यत','https://pps.whatsapp.net/v/t61.24694-24/441393380_579106581351677_3016118363774224261_n.jpg?ccb=11-4&oh=01_Q5AaIPgs8R_MBkl-rRAnGyTfQt6oXFLfzISlyI95TmKmTfPz&oe=6734B18A&_nc_sid=5e03e0&_nc_cat=110',0,17,1),(297,'? ? कट्टर हिंदकेसरी हरण्या प्रेमी,कोल्हापूर ?  ?','https://chat.whatsapp.com/K6SgKKYmgLV7nzZZOqH9ph','India','Hindi','','','बैलगाडा शर्यत, बैल, शर्यत, आवड, छंद','https://pps.whatsapp.net/v/t61.24694-24/462246276_2229786824067133_4124238405744281635_n.jpg?ccb=11-4&oh=01_Q5AaIK_Wmt0fWJJa4xuV5_LCLo-tT3YQ6guX0BU9eu_GA7ad&oe=6734B3AE&_nc_sid=5e03e0&_nc_cat=104',0,17,1),(298,'Tamil Aunty whatsapp group','https://chat.whatsapp.com/IJn0nDEykIg7JjVB8Jg3iW','India','Hindi','Get Tamil aunty whatsapp group links','','Tamil aunty whatsapp group links','https://pps.whatsapp.net/v/t61.24694-24/465929930_8578127678934762_3504806866880110220_n.jpg?ccb=11-4&oh=01_Q5AaIChjpl7HeP7tPKGVgMxgkYlcWHMsdGwDcpo2KAZKdlUz&oe=673AFC52&_nc_sid=5e03e0&_nc_cat=103',0,40,1),(299,'End','https://chat.whatsapp.com/Llil3cQjKE589SNuDD4es4','India','Marathi','','','Indian people','https://pps.whatsapp.net/v/t61.24694-24/328107758_3026772694290841_7457455854232174105_n.jpg?ccb=11-4&oh=01_Q5AaILsop2Dk5sH3mhsD9pyVGLBqvqOHSDDDKuGWAUigBav3&oe=674277F2&_nc_sid=5e03e0&_nc_cat=110',0,21,1),(300,'Erinyes?','https://chat.whatsapp.com/FOV317ufjrQ0VdVZFDYoJy','India','Hindi','','','','https://pps.whatsapp.net/v/t61.24694-24/319942975_2686830118188822_7633680780069389252_n.jpg?ccb=11-4&oh=01_Q5AaIMdkgV6jzE_QmzVaLIdtsvKSH5TRxli-Jp6lAJIdPWdX&oe=674268CB&_nc_sid=5e03e0&_nc_cat=107',0,21,1),(301,'TIKTOK LIKE VIEW AND FOLLOWERS','https://chat.whatsapp.com/K8QBqRrVGLV7ZvoJI6omvi','India','Hindi','','','','https://pps.whatsapp.net/v/t61.24694-24/418827187_1124877152305531_3801235734420421520_n.jpg?ccb=11-4&oh=01_Q5AaIOrLKW6Tu24T8Ht9DEJ_sjxqAxW9rD5pR76on2NHh8U1&oe=6742680F&_nc_sid=5e03e0&_nc_cat=107',0,21,1),(302,'*? Pagal Traning Center~™ Pvt.Ltd?','https://chat.whatsapp.com/HnogS2XKQnk0EtuWikXjLI','India','Hindi','funny whatsapp group','','funny whatsapp group','https://pps.whatsapp.net/v/t61.24694-24/465372421_1070271278137176_1146185849085626567_n.jpg?ccb=11-4&oh=01_Q5AaIIX1_4bk_8F_AN7BY0f-TL5AMcGIXUzn9UoAe5Dr1FxY&oe=674257B6&_nc_sid=5e03e0&_nc_cat=104',0,21,1),(303,'Fashion_?ladies_hub???','https://chat.whatsapp.com/Dax6yx3jVuc62C5HgYChY5','India','Hindi','','','Fashion hub','https://pps.whatsapp.net/v/t61.24694-24/238702386_369004221450520_2599209617551779917_n.jpg?ccb=11-4&oh=01_Q5AaIBXn3qYRo9lWAj5utKxMO1s5gO8iD1Ixn35TVs7mWN8R&oe=67427ACA&_nc_sid=5e03e0&_nc_cat=108',0,25,1),(304,'The blue dress','https://chat.whatsapp.com/LRgiJNw1vlNBox9pWzvTTc','India','Hindi','','','','https://pps.whatsapp.net/v/t61.24694-24/239462946_629351897991812_2827780805592738052_n.jpg?ccb=11-4&oh=01_Q5AaIMUzejt7XMlcM5kOrCDOPVXD0f5tSQicHumDxh6OkcwA&oe=67424CAC&_nc_sid=5e03e0&_nc_cat=100',0,25,1),(305,'The factory outlet?? 1️⃣','https://chat.whatsapp.com/BkIpH2w3TpK1aJ4yQQOra5','India','Hindi','','','online shopping group','https://pps.whatsapp.net/v/t61.24694-24/266611205_692725145257885_7289050306475501334_n.jpg?ccb=11-4&oh=01_Q5AaIGDiW58Z-rqKg6a9wVBc_oui-VHSE5epnEYMQGUp2kl-&oe=67425093&_nc_sid=5e03e0&_nc_cat=103',0,35,1),(306,'Only girl join this group','https://chat.whatsapp.com/G6elJCLeYzVDzfI4D01PSx','India','Hindi','','','only girls, No boys please','https://pps.whatsapp.net/v/t61.24694-24/143605930_966531943914535_7802899249512033611_n.jpg?ccb=11-4&oh=01_Q5AaIMoe36cF_Se_NLLwEgpw2UPfV2QpB5QihirNo6ngQ-wl&oe=67426628&_nc_sid=5e03e0&_nc_cat=109',0,21,1),(307,'free mind','https://chat.whatsapp.com/CNspMAsStd4J5ZCO2wXevo','India','Hindi','','','friendship with girls','https://pps.whatsapp.net/v/t61.24694-24/182597948_578717853476057_5471187497507625268_n.jpg?ccb=11-4&oh=01_Q5AaIHxdH6scFE4s0CpAAlLyR8AnVlh2LE_df88jmpLfPYra&oe=67426786&_nc_sid=5e03e0&_nc_cat=111',0,19,1),(308,'KUMFTBL.COM - Friend','https://chat.whatsapp.com/H5CCbWDtGoZChZCBrH2lNE','United States','English','','','','https://pps.whatsapp.net/v/t61.24694-24/217406000_513894253158185_4311674647223320081_n.jpg?ccb=11-4&oh=01_Q5AaIGnwH4Dvxw51kbD3PlZRwGSO4utvz6IDylZV8Zy3DwFH&oe=67428541&_nc_sid=5e03e0&_nc_cat=110',0,14,1),(309,'FANS OF PHANY GEE???','https://chat.whatsapp.com/GSZdRDIVF8wDPejFQbtAUd','United States','English','','','','https://pps.whatsapp.net/v/t61.24694-24/419594378_830010845512929_3015684789192846641_n.jpg?ccb=11-4&oh=01_Q5AaINOVmdgxLBm63YTPNNU144d4pJo4-8DtAnvVMTwDOvFJ&oe=67427AC7&_nc_sid=5e03e0&_nc_cat=102',0,24,1),(310,'?FULL MASTI?','https://chat.whatsapp.com/IS1VhQUVupb73nLPztn8ZG','India','Hindi','','','','https://pps.whatsapp.net/v/t61.24694-24/219394618_151657237069246_1997258511979913770_n.jpg?ccb=11-4&oh=01_Q5AaIEVocTHZ9YQAF2lA140IPCw3G87sXQ0q70lkNpTAGs28&oe=67427112&_nc_sid=5e03e0&_nc_cat=106',0,21,1),(311,'संकल्प महाराष्ट्र ग्रुप','https://chat.whatsapp.com/Iptg4TsUYbBHWzD09Mx3Iz','India','Marathi','','','संकल्प महाराष्ट्र','https://pps.whatsapp.net/v/t61.24694-24/463735609_540266492110746_6467640067250246683_n.jpg?stp=dst-jpg_tt6&ccb=11-4&oh=01_Q5AaIHHcwmh180MPd5pXcds9zeEfKNq0Ib9PTIX0ZHUB2z2L&oe=6752A980&_nc_sid=5e03e0&_nc_cat=101',0,48,1),(312,'BITCOIN TRADING INVESTMENT COMPANY','https://chat.whatsapp.com/JBDv1Hf37JqIc0QDYSKC9Z','India','English','','','Crypto currency, bitcoin, bit coin','https://pps.whatsapp.net/v/t61.24694-24/421735222_1111773853636846_7574504881378342923_n.jpg?ccb=11-4&oh=01_Q5AaIPkVWoSiHwpB0CofgAExajpWjXr6GeQd7gHGQ6O7E1OY&oe=6752AE89&_nc_sid=5e03e0&_nc_cat=103',0,42,1),(313,'BITCOIN TRADING INVESTMENT COMPANY','https://chat.whatsapp.com/JBDv1Hf37JqIc0QDYSKC9Z','India','English','','','Crypto currency, bitcoin, bit coin','https://pps.whatsapp.net/v/t61.24694-24/421735222_1111773853636846_7574504881378342923_n.jpg?ccb=11-4&oh=01_Q5AaIPkVWoSiHwpB0CofgAExajpWjXr6GeQd7gHGQ6O7E1OY&oe=6752AE89&_nc_sid=5e03e0&_nc_cat=103',0,42,1),(314,'WiFi Study Group No 01','https://chat.whatsapp.com/DyazcB2KHgGGzbP2Zwdqfe','India','Hindi','','','Competitive exams, UPSC, IAS','https://pps.whatsapp.net/v/t61.24694-24/354126250_1340917956523874_1482741136376759211_n.jpg?ccb=11-4&oh=01_Q5AaIBedEQ5L5YXYs6U7WCd3sHbKR-wG9Ew3qz_MD6kxsX16&oe=6752EC0D&_nc_sid=5e03e0&_nc_cat=111',0,27,1),(315,'AIRFORCE NAVY NDA STUDY26','https://chat.whatsapp.com/LohkkOtNbH420TRMafIku1','India','Hindi','','','UPSC, competitive exams, career','https://pps.whatsapp.net/v/t61.24694-24/158671814_1475316659513768_1830118663284036518_n.jpg?stp=dst-jpg_tt6&ccb=11-4&oh=01_Q5AaIM-R-bCSxO5dchsFlFJ5cZyi1gM2OreOwD9IFgmx7cBm&oe=6752CEDE&_nc_sid=5e03e0&_nc_cat=101',0,27,1),(316,'Aspire Training &amp; Placement Consultancy ??‍???‍?','https://chat.whatsapp.com/EgUhRgs8wKA9obvMeQ5AWz','India','Marathi','','','Placement service in india','https://pps.whatsapp.net/v/t61.24694-24/414717610_896282225462946_8010234638528324903_n.jpg?ccb=11-4&oh=01_Q5AaIIj1hbu0h-P8pBdBPl_ky4XArHlW9wbBuVFfMyEduQWH&oe=6752F9EC&_nc_sid=5e03e0&_nc_cat=104',0,27,1),(317,'माहेर ?','https://chat.whatsapp.com/Lb2zzWLHr8O8TJNt6L6vPJ','India','Marathi','पुरुषांनी जॉईन होऊ नये.','','माहेर, फक्त महिलांसाठी, मराठी स्त्रियांचा ग्रुप','https://pps.whatsapp.net/v/t61.24694-24/441438102_797899295495067_2447810394459498011_n.jpg?stp=dst-jpg_tt6&ccb=11-4&oh=01_Q5AaIPUHuNiTbcLPu2zXBoMD_g9VNfXe6gjKz_rH8TTsp_dp&oe=6752CC97&_nc_sid=5e03e0&_nc_cat=105',0,25,1),(318,'??Free forex group??','https://chat.whatsapp.com/I1VN5w4bHDzAmeSKodghQG','India','English','','','Free forex training, forex trading, currency trading','https://pps.whatsapp.net/v/t61.24694-24/466419122_448831594916287_424082042071071182_n.jpg?ccb=11-4&oh=01_Q5AaIIoPFX5ncs6zxb4h8wk5DS7AMul3-56e2FkYQGyfdSps&oe=67531C64&_nc_sid=5e03e0&_nc_cat=100',0,42,1),(319,'? गुरुकृपा बॅन्जो ग्रुप ?','https://chat.whatsapp.com/EambHbzTqMn5t5ANNbWURy','India','Marathi','','','बँजो ग्रुप, banjo group','https://pps.whatsapp.net/v/t61.24694-24/402562835_1298079784085378_4143172298590328907_n.jpg?stp=dst-jpg_tt6&ccb=11-4&oh=01_Q5AaIPOafps3FIbiDLg6I9i0f7UrtB4ESj0R6Lmca0C0wdc5&oe=6762FB68&_nc_sid=5e03e0&_nc_cat=105',0,30,1),(320,'? पाढ्यांची कार्यशाळा - कणकवली - 03 (Table Workshop)??','https://chat.whatsapp.com/JRJkrXCXDuTCmI4EsYAx7X','India','Marathi','','','पाढ्यांची कार्यशाळा, पाढे पाठांतर तंत्र व मंत्र','https://pps.whatsapp.net/v/t61.24694-24/433960895_1885618891937797_2384039593171612206_n.jpg?stp=dst-jpg_tt6&ccb=11-4&oh=01_Q5AaII0CeqIN_fHPlhZVlaOjJtLSWMT0P4KAjj8pAA08T-Ze&oe=67632834&_nc_sid=5e03e0&_nc_cat=100',0,20,1),(321,'? पाढ्यांची कार्यशाळा - कणकवली - 04 (Table Workshop)??','https://chat.whatsapp.com/Ir1eArjmYej90WCTrpcSMe','India','Marathi','','','पाढ्यांची कार्यशाळा, कणकवली','https://pps.whatsapp.net/v/t61.24694-24/456283007_533822822525309_1759320672204612199_n.jpg?stp=dst-jpg_tt6&ccb=11-4&oh=01_Q5AaIDd1HwHNfe-uKClBlGMhZGkBHSqELeUmoydHwTXu3UDO&oe=67632A63&_nc_sid=5e03e0&_nc_cat=108',0,20,1),(322,'FAST WEIGHT LOSS/GAIN CHALLENGE ??','https://chat.whatsapp.com/F0hKTLmTuyV5hFAVezqw7Z','India','Marathi','','','Wait loss group, wait loss easily','https://pps.whatsapp.net/v/t61.24694-24/461505162_571667972482578_2427599356287615236_n.jpg?stp=dst-jpg_tt6&ccb=11-4&oh=01_Q5AaIDlC_3oyIRBg-yy6hkKlC4s8HuZc11K08Vts4mZcotXO&oe=67632142&_nc_sid=5e03e0&_nc_cat=111',0,26,1),(323,'sangli update news 4','https://chat.whatsapp.com/LdfVHms2GtiIT0mBqkKKfJ','India','Marathi','','','मराठी बातम्या','https://pps.whatsapp.net/v/t61.24694-24/462772343_2896354927185332_8005703513873270833_n.jpg?stp=dst-jpg_tt6&ccb=11-4&oh=01_Q5AaIAGFnwfZAx3ZnAAQzsQDnFhKiDfFLExv6JMB8uFI0ABh&oe=67637F37&_nc_sid=5e03e0&_nc_cat=106',0,5,1),(324,'?आरोग्य मधुमेह मुक्ती 107  ?','https://chat.whatsapp.com/IQ6fYN51bdaFRkHZPq13gh','India','Marathi','','','आरोग्यम धनसंपदा','https://pps.whatsapp.net/v/t61.24694-24/439328309_418625634393333_779858926365325864_n.jpg?stp=dst-jpg_tt6&ccb=11-4&oh=01_Q5AaICxat9ulZYPUqo4Wpx9qw3Mt6VaLmzyHHD9Jy0FEXh1S&oe=676366AC&_nc_sid=5e03e0&_nc_cat=104',0,26,1),(325,'*|®±✮≛⃝दिलाची❤️‍?रा≛͙⃝͙नी??©?|°.°','https://chat.whatsapp.com/E8m9J8kzlqg7C3iuKSMuw3','India','Marathi','','','दिलाची राणी, मराठी प्रेमकथा','https://pps.whatsapp.net/v/t61.24694-24/463731840_885967850406384_3315555146609113564_n.jpg?stp=dst-jpg_tt6&ccb=11-4&oh=01_Q5AaICOxsgsfMXUgqo0Hkjaj_ko1iVk-_0U1zNL2Tm6cF6dj&oe=676388A0&_nc_sid=5e03e0&_nc_cat=104',0,45,1),(326,'??आमचा नाद?? खुळा??','https://chat.whatsapp.com/Jyjsj2WGJfT9xm1hNcLFxW','India','Marathi','','','नाद खुळा','https://pps.whatsapp.net/v/t61.24694-24/308442642_1148457802414651_4105707278768776555_n.jpg?stp=dst-jpg_tt6&ccb=11-4&oh=01_Q5AaIIfKAwwyQEQGbvfsTT60zI5WXSIZ8zI8CdXt8WB2iktb&oe=67640475&_nc_sid=5e03e0&_nc_cat=101',0,21,1),(327,'?दिल दोस्ती दुनियादारी?','https://chat.whatsapp.com/Jr8fRCaQG0C3IRFdUeaTRH','India','Marathi','','','दिल दोस्ती दुनियादारी','https://pps.whatsapp.net/v/t61.24694-24/396808232_384124953950724_7860986508849171890_n.jpg?stp=dst-jpg_tt6&ccb=11-4&oh=01_Q5AaIO3S4hdwnFL-rNSJh1DnjwBH_gJXXxSd4JWVPUEsPqnb&oe=67643BB9&_nc_sid=5e03e0&_nc_cat=102',0,21,1),(328,'कांदा बागायतदार','https://chat.whatsapp.com/L4msQ6k7yc1GxTtiACw3GW','India','Marathi','','','कांदा उत्पादक शेतकरी','https://pps.whatsapp.net/v/t61.24694-24/469426395_1775610606527553_998902559251878884_n.jpg?stp=dst-jpg_tt6&ccb=11-4&oh=01_Q5AaIGb81-TYjXKxOUzt1WTv6sMLYByo7c8WMkK80lGOWoTH&oe=6764DC14&_nc_sid=5e03e0&_nc_cat=102',0,50,1),(329,'Dna marathi news 3','https://chat.whatsapp.com/H7aK0V2Jvi1KuieIUiN86c','India','Marathi','','','मराठी बातम्या','https://pps.whatsapp.net/v/t61.24694-24/348486499_785938803173706_5294780950329501903_n.jpg?stp=dst-jpg_tt6&ccb=11-4&oh=01_Q5AaIKuWQ3_YLd2oFXcdUQ7ozx4Iaae3YVSA6YlM7d5xCGd9&oe=6764B976&_nc_sid=5e03e0&_nc_cat=110',0,5,1),(330,'Dna marathi news 3','https://chat.whatsapp.com/H7aK0V2Jvi1KuieIUiN86c','India','Marathi','','','मराठी बातम्या','https://pps.whatsapp.net/v/t61.24694-24/348486499_785938803173706_5294780950329501903_n.jpg?stp=dst-jpg_tt6&ccb=11-4&oh=01_Q5AaIKuWQ3_YLd2oFXcdUQ7ozx4Iaae3YVSA6YlM7d5xCGd9&oe=6764B976&_nc_sid=5e03e0&_nc_cat=110',0,5,1),(331,'??मित्र परिवार??','https://chat.whatsapp.com/EQPMFo14wsg5pj2rynAqBQ','India','Marathi','Marathi whatsapp group, मराठी मुलींशी मैत्री करा.','','Friendship group, marathi whatsapp group','https://pps.whatsapp.net/v/t61.24694-24/352884894_272477532099232_1925535191869592991_n.jpg?stp=dst-jpg_tt6&ccb=11-4&oh=01_Q5AaIDVPJquyxO6Dwg-gaMQDOXlIUpFWRjtYUnQlNwPAPbvi&oe=6764D2A6&_nc_sid=5e03e0&_nc_cat=110',0,21,1),(332,'Shaneshwar Computers 3','https://chat.whatsapp.com/D26KqUFXLI24AjJC3n2cmw','India','Marathi','Purchase your laptop at reasonable price','','Laptop buy and sell','https://pps.whatsapp.net/v/t61.24694-24/324745161_1409902163029418_6924960328429570455_n.jpg?stp=dst-jpg_tt6&ccb=11-4&oh=01_Q5AaIGz2b65OiVcLKC8sV8va9Q23Y7K5L0XyXxVZIXMegMEk&oe=6764E468&_nc_sid=5e03e0&_nc_cat=108',0,14,1),(333,'? बहुजन युथ पँथर ? अहमदनगर ?','https://chat.whatsapp.com/DdYYw8laIUHJMUP12iJlTh','India','Marathi','','','बहुजन युवा पँथर, जय भीम ','https://pps.whatsapp.net/v/t61.24694-24/462403375_530437786646061_2151703660726650974_n.jpg?stp=dst-jpg_tt6&ccb=11-4&oh=01_Q5AaIFNXKr-ebdzXooWXyrtwagBcTYtHMZ4P2UvT8C7ittPo&oe=67651EA9&_nc_sid=5e03e0&_nc_cat=101',0,13,1),(334,'?शरद किंग डाळिंब ग्रुप ?','https://chat.whatsapp.com/LxPvvg1BRUlFgKuD0aGVBN','India','Marathi','डाळिंब उत्पादक शेतकरी','','डाळिंब शेतकरी, डाळिंब उत्पादक शेतकरी','https://pps.whatsapp.net/v/t61.24694-24/455609912_1261670141757150_5138928666786402926_n.jpg?stp=dst-jpg_tt6&ccb=11-4&oh=01_Q5AaIKisupmSqAn_DzqfakdjbZ1gzSvXKlCiflQVu8lKmlqv&oe=67657F3A&_nc_sid=5e03e0&_nc_cat=107',0,50,1),(335,'? शेतकरी मॉल सटाणा ३?','https://chat.whatsapp.com/LW7OAe83v6f92EjKl3koxy','India','Marathi','','','शेतकरी मॉल सटाणा, Shetkari mall Satana','https://pps.whatsapp.net/v/t61.24694-24/427432284_416089870889072_3669509502522821482_n.jpg?stp=dst-jpg_tt6&ccb=11-4&oh=01_Q5AaIEDRLY8SkuXlsaPTwe5xpqZxrGCKdGMMLk6G12Uc1HQu&oe=676583A0&_nc_sid=5e03e0&_nc_cat=101',0,50,1),(336,'??HF ?खरेदी विक्री? संघ पैठण? तालुका??','https://chat.whatsapp.com/FzWquNtwsts7CuixqbgImB','India','Marathi','','','','https://pps.whatsapp.net/v/t61.24694-24/468764910_553263870958384_1609265732853779788_n.jpg?stp=dst-jpg_tt6&ccb=11-4&oh=01_Q5AaIMhFqYkih73F_4uB1ptpPTXCwb43n7H6R2pNxKRIqAfk&oe=67667083&_nc_sid=5e03e0&_nc_cat=108',0,50,1),(337,'निसर्ग माझा सखा ??','https://chat.whatsapp.com/Fav03bpOwdIKydvziLR8UB','India','Marathi','','','निसर्ग, nature is my friend','https://pps.whatsapp.net/v/t61.24694-24/469412621_444955811997806_6379535563073333436_n.jpg?stp=dst-jpg_tt6&ccb=11-4&oh=01_Q5AaIPtZj9FlWJBv_3Wdj2sa34voLQU580IcHFOT0K0qwwpt&oe=67666BCD&_nc_sid=5e03e0&_nc_cat=100',0,50,1),(338,'Corporate funding Solutions','https://chat.whatsapp.com/H2KIjgEEShOCvEJfM5YyS4','India','Marathi','','','Corporate funding, finance, business','https://pps.whatsapp.net/v/t61.24694-24/459533409_518729974127159_4991303870731140708_n.jpg?stp=dst-jpg_tt6&ccb=11-4&oh=01_Q5AaINXRhbnvP63zF2FvwweAbh9s-WIgfEbb4MOoRAb3b1lB&oe=67667FA1&_nc_sid=5e03e0&_nc_cat=100',0,14,1),(339,'21 - FREE JAVA &amp; Python TRAINING','https://chat.whatsapp.com/KUFces0P5nbGFRQlq3Ig2d','India','Hindi','','','','https://pps.whatsapp.net/v/t61.24694-24/459165759_977680217528200_3061148773202212437_n.jpg?stp=dst-jpg_tt6&ccb=11-4&oh=01_Q5AaID8L8H9cvY_x-L3BNhb65sFuo-2xPASQtbjncw9cXteN&oe=676689B7&_nc_sid=5e03e0&_nc_cat=105',0,4,1),(340,'?Suresh Dhurpate?the great','https://chat.whatsapp.com/DNS0Pz4VEyx2oO68ePZOKE','India','Marathi','','','','https://pps.whatsapp.net/v/t61.24694-24/384817044_7863250250390851_6230828981873931147_n.jpg?stp=dst-jpg_tt6&ccb=11-4&oh=01_Q5AaIHU-8Eetf-tJ_ezU93JqsoW7D9irfrcz3wDt2T6OOZXb&oe=67667C15&_nc_sid=5e03e0&_nc_cat=110',0,24,1),(341,'?️ ?H ?ob ?pdate - 2','https://chat.whatsapp.com/GuG4z2r6aCnJrAI3x7d5Ux','India','Marathi','','','Job opportunities, नोकरीची संधी, रोजगार समाचार','https://pps.whatsapp.net/v/t61.24694-24/440491833_383292537423668_8160916797604310719_n.jpg?stp=dst-jpg_tt6&ccb=11-4&oh=01_Q5AaIOBVwlmjTUamV7YJYoB0VUSIPqCYb29b7mjt8sieEp4W&oe=676680F4&_nc_sid=5e03e0&_nc_cat=103',0,27,1),(342,'3.मुख्यमंत्री माझी लाडकी बहीण योजना.','https://chat.whatsapp.com/Bg1zLO1s8N74lxbkENgxn4','India','Marathi','','','लाडकी बहीण योजना','https://pps.whatsapp.net/v/t61.24694-24/468898995_1976948349455090_8127234904287449915_n.jpg?stp=dst-jpg_tt6&ccb=11-4&oh=01_Q5AaIN93S6_3tuIfbvGbsAnR-9cZX7s_AvdEopAXhDCYSzcI&oe=6766EAEB&_nc_sid=5e03e0&_nc_cat=107',0,44,1),(343,'??⃞⃟⃡??‍♂️श्री दैव⃝त ?शिवछत्र⃝पती?⃞⃟⃡⛳','https://chat.whatsapp.com/CsH6CjKh2C3ETJPSsrkEW8','India','Marathi','','','छत्रपती शिवाजी महाराज','https://pps.whatsapp.net/v/t61.24694-24/454967087_1245429406720607_3807251356270869211_n.jpg?stp=dst-jpg_tt6&ccb=11-4&oh=01_Q5AaIEZXBg4-Z17z_zT4vfAwlJZMxH0dk4x1JTOvSmqMZmAT&oe=6766D086&_nc_sid=5e03e0&_nc_cat=100',0,13,1),(344,'गीते ॲग्रो बिझनेस नाशिक ग्रुप','https://chat.whatsapp.com/CXhvGILZiTH1sSVeVU0zyJ','India','Marathi','','','Agri business, शेतीविषयक व्यवसाय','https://pps.whatsapp.net/v/t61.24694-24/438329692_1183696526651055_779090759977346646_n.jpg?ccb=11-4&oh=01_Q5AaINlkdoEOnWWR7-BqDKrjuykzqmlNvkNvJLeTkCRuB0cQ&oe=676F0866&_nc_sid=5e03e0&_nc_cat=109',0,50,1),(345,'*बोध कथा 11*','https://chat.whatsapp.com/LgVi4eKOwtYGGp7ISwaDy1','India','Marathi','','','मराठी बोधकथा, marathi moral stories','https://pps.whatsapp.net/v/t61.24694-24/457724109_1096615515269285_8986908485678518413_n.jpg?ccb=11-4&oh=01_Q5AaIHy9ybIkughwQ92GMogmxkrXzoVHq2dqB1jXKCm33szO&oe=676F0402&_nc_sid=5e03e0&_nc_cat=107',0,21,1),(346,'ORDINARY NEWS','https://chat.whatsapp.com/HSXUEfdffYlDliq7srJv6F','India','Hindi','हिंदी समाचार, Hindi news, ','','','https://pps.whatsapp.net/v/t61.24694-24/461545580_8551060678281676_8401920975222426720_n.jpg?ccb=11-4&oh=01_Q5AaIJ7Em_G7026Lvf02zrMouOaJAQqJ3bf-qMnJJv0zI8E4&oe=676F11C6&_nc_sid=5e03e0&_nc_cat=101',0,5,1),(347,'FREESTYLE  MEN&#039;S FASHION?','https://chat.whatsapp.com/JkdUv5di6iV2hVNF8enWjB','India','Hindi','','','Mens fashion','https://pps.whatsapp.net/v/t61.24694-24/245275532_648299386280811_9001452280774963488_n.jpg?ccb=11-4&oh=01_Q5AaIEJvV9TnV4LvzDI8D4_KCIoQo5dvhDba8oD0qIMfNOc2&oe=676F0F4F&_nc_sid=5e03e0&_nc_cat=106',0,35,1),(348,'?We Entrepreneurs 3?','https://chat.whatsapp.com/IVOK0WHJE5MHhimVrSSqKH','India','Hindi','','','Business startups','https://pps.whatsapp.net/v/t61.24694-24/468781908_1657922034935713_6516387890173035513_n.jpg?ccb=11-4&oh=01_Q5AaICHP0SDqku0TJKGNtWt_9J8yoVab2XgTtOuP3PZV3nxB&oe=67720B5D&_nc_sid=5e03e0&_nc_cat=102',0,14,1),(349,'Advertising and business promotion','https://chat.whatsapp.com/BgmBXkibpOU6qLtAcDA8KB','India','Hindi','','','Business promotion','https://pps.whatsapp.net/v/t61.24694-24/418381392_551123161162861_2224713288776795774_n.jpg?ccb=11-4&oh=01_Q5AaIFSZUVc83Iqwh4jZXTDipZq-F1CKuocUXBTsQpXSlc4E&oe=67721AB0&_nc_sid=5e03e0&_nc_cat=106',0,14,1),(350,'ＯＴＴ² 2025?','https://chat.whatsapp.com/CtmaRPYcd74G4LcH5RiG5N','India','Hindi','','','OTT programs','https://pps.whatsapp.net/v/t61.24694-24/264913719_1505346356554170_4016112088062098015_n.jpg?ccb=11-4&oh=01_Q5AaII3Uaoexf40c9AvboPflJNi0hNnzcT26cpm2mZeMo81r&oe=6772170C&_nc_sid=5e03e0&_nc_cat=101',0,21,1),(351,'???? ?????!','https://chat.whatsapp.com/FTvfip4joXM9XZ3APjEwn8','United States','English','','','Whatsapp group links','https://pps.whatsapp.net/v/t61.24694-24/467633310_1261454435069684_5970172974521741852_n.jpg?ccb=11-4&oh=01_Q5AaIE7qBFFuHF11yvGLRvy0WLeRklkGG1AK75j-8-IJqlZ1&oe=67721EA8&_nc_sid=5e03e0&_nc_cat=105',0,40,1),(352,'मराठवाडा शेतकरी मिञ','https://chat.whatsapp.com/BC8q6ZsVnrt6UKVstWvTps','India','Marathi','','','','https://pps.whatsapp.net/v/t61.24694-24/468781910_1634850120435431_4562282221304455196_n.jpg?ccb=11-4&oh=01_Q5AaIJJ8OEF-zpNliYoBpZukH_lK4LCRbqXE0dZA3xI2Efdf&oe=67739577&_nc_sid=5e03e0&_nc_cat=105',0,12,1),(353,'खेड्यातील गावरान कपल','https://chat.whatsapp.com/KPc6yzgBSiaEnnl7KWSHsS','India','Marathi','गावरान कपल','','','https://pps.whatsapp.net/v/t61.24694-24/454733783_1683108139136187_642841980816508018_n.jpg?ccb=11-4&oh=01_Q5AaICzx7lNz1B2alkIWv7u-uY1Fxh3XS_YFCPo4CdlN1fqN&oe=67739621&_nc_sid=5e03e0&_nc_cat=105',0,12,1),(354,'?? मराठी महाराष्ट्र कपल ??','https://chat.whatsapp.com/GZXoS6hg92d3h9xlLcDoKs','India','Marathi','','','','https://pps.whatsapp.net/v/t61.24694-24/420233128_1771710173587688_7868697345257454409_n.jpg?ccb=11-4&oh=01_Q5AaIM5gMwUPNTtjS8HxrTm_1ThoGzjSh0LOXGEIpnwLodfW&oe=677395FF&_nc_sid=5e03e0&_nc_cat=102',0,12,1);
/*!40000 ALTER TABLE `Groups` ENABLE KEYS */;
UNLOCK TABLES;

--
-- Table structure for table `Report`
--

DROP TABLE IF EXISTS `Report`;
/*!40101 SET @saved_cs_client     = @@character_set_client */;
/*!50503 SET character_set_client = utf8mb4 */;
CREATE TABLE `Report` (
  `ReportId` int NOT NULL AUTO_INCREMENT,
  `ReportReason` longtext CHARACTER SET utf8mb4 COLLATE utf8mb4_0900_ai_ci NOT NULL,
  `ReportDesc` longtext CHARACTER SET utf8mb4 COLLATE utf8mb4_0900_ai_ci NOT NULL,
  `GroupId` int NOT NULL,
  PRIMARY KEY (`ReportId`),
  KEY `IX_Report_GroupId` (`GroupId`),
  CONSTRAINT `FK_Report_Groups_GroupId` FOREIGN KEY (`GroupId`) REFERENCES `Groups` (`groupId`) ON DELETE CASCADE
) ENGINE=InnoDB AUTO_INCREMENT=24 DEFAULT CHARSET=utf8mb4 COLLATE=utf8mb4_0900_ai_ci;
/*!40101 SET character_set_client = @saved_cs_client */;

--
-- Dumping data for table `Report`
--

LOCK TABLES `Report` WRITE;
/*!40000 ALTER TABLE `Report` DISABLE KEYS */;
INSERT INTO `Report` VALUES (10,'Inappropriate','Block This',10),(11,'Fake/Spam/Fraud','Fake',10),(13,'Remove my Group','No reason',50);
/*!40000 ALTER TABLE `Report` ENABLE KEYS */;
UNLOCK TABLES;

--
-- Table structure for table `__EFMigrationsHistory`
--

DROP TABLE IF EXISTS `__EFMigrationsHistory`;
/*!40101 SET @saved_cs_client     = @@character_set_client */;
/*!50503 SET character_set_client = utf8mb4 */;
CREATE TABLE `__EFMigrationsHistory` (
  `MigrationId` varchar(150) CHARACTER SET utf8mb4 COLLATE utf8mb4_0900_ai_ci NOT NULL,
  `ProductVersion` varchar(32) CHARACTER SET utf8mb4 COLLATE utf8mb4_0900_ai_ci NOT NULL,
  PRIMARY KEY (`MigrationId`)
) ENGINE=InnoDB DEFAULT CHARSET=utf8mb4 COLLATE=utf8mb4_0900_ai_ci;
/*!40101 SET character_set_client = @saved_cs_client */;

--
-- Dumping data for table `__EFMigrationsHistory`
--

LOCK TABLES `__EFMigrationsHistory` WRITE;
/*!40000 ALTER TABLE `__EFMigrationsHistory` DISABLE KEYS */;
INSERT INTO `__EFMigrationsHistory` VALUES ('20240119145008_NewMigration','7.0.12'),('20240214053750_NewMigration1','7.0.12'),('20240214120101_NewMigration4','7.0.12'),('20240215072543_NewMigration5','7.0.12'),('20240219112013_InitialCreate','8.0.0'),('20241124104134_CreateBlogTable','8.0.0'),('20241207142227_initDB','8.0.0'),('20241208071732_AddImageToBlog','8.0.0'),('20241214184444_BlogUpdate','8.0.0'),('20241214192109_BlogUpdate1','8.0.0');
/*!40000 ALTER TABLE `__EFMigrationsHistory` ENABLE KEYS */;
UNLOCK TABLES;

--
-- Dumping events for database 'apigroupgodown'
--

--
-- Dumping routines for database 'apigroupgodown'
--
/*!40103 SET TIME_ZONE=@OLD_TIME_ZONE */;

/*!40101 SET SQL_MODE=@OLD_SQL_MODE */;
/*!40014 SET FOREIGN_KEY_CHECKS=@OLD_FOREIGN_KEY_CHECKS */;
/*!40014 SET UNIQUE_CHECKS=@OLD_UNIQUE_CHECKS */;
/*!40101 SET CHARACTER_SET_CLIENT=@OLD_CHARACTER_SET_CLIENT */;
/*!40101 SET CHARACTER_SET_RESULTS=@OLD_CHARACTER_SET_RESULTS */;
/*!40101 SET COLLATION_CONNECTION=@OLD_COLLATION_CONNECTION */;
/*!40111 SET SQL_NOTES=@OLD_SQL_NOTES */;

-- Dump completed on 2024-12-22 16:18:47
